market_date,split,prob_up,pred_direction,actual_direction
2024-04-12,val,0.6074,1,0
2024-04-12,val,0.3975,0,0
2024-04-12,val,0.6475,1,0
2024-04-11,val,0.4707,0,1
2024-04-11,val,0.5137,1,1
2024-04-11,val,0.4731,0,1
2024-04-11,val,0.577,1,1
2024-04-11,val,0.6714,1,1
2024-04-11,val,0.4016,0,1
2024-04-11,val,0.3074,0,1
2024-04-10,val,0.5386,1,0
2024-04-10,val,0.638,1,0
2024-04-10,val,0.579,1,0
2024-04-10,val,0.4353,0,0
2024-04-10,val,0.4802,0,0
2024-04-10,val,0.5576,1,0
2024-04-10,val,0.424,0,0
2024-04-10,val,0.4436,0,0
2024-04-10,val,0.5137,1,0
2024-04-10,val,0.4563,0,0
2024-04-09,val,0.5166,1,1
2024-04-09,val,0.4875,0,1
2024-04-09,val,0.4895,0,1
2024-04-09,val,0.675,1,1
2024-04-09,val,0.4646,0,1
2024-04-09,val,0.43,0,1
2024-04-09,val,0.5723,1,1
2024-04-09,val,0.5366,1,1
2024-04-09,val,0.5884,1,1
2024-04-09,val,0.522,1,1
2024-04-08,val,0.6924,1,1
2024-04-08,val,0.3914,0,1
2024-04-08,val,0.7007,1,1
2024-04-08,val,0.4941,0,1
2024-04-08,val,0.4375,0,1
2024-04-08,val,0.586,1,1
2024-04-08,val,0.4639,0,1
2024-04-05,val,0.5396,1,0
2024-04-05,val,0.6567,1,0
2024-04-05,val,0.5073,1,0
2024-04-05,val,0.653,1,0
2024-04-05,val,0.5474,1,0
2024-04-05,val,0.547,1,0
2024-04-04,val,0.3435,0,1
2024-04-04,val,0.4492,0,1
2024-04-04,val,0.653,1,1
2024-04-04,val,0.596,1,1
2024-04-04,val,0.4915,0,1
2024-04-04,val,0.2169,0,1
2024-04-04,val,0.5117,1,1
2024-04-04,val,0.4895,0,1
2024-04-03,val,0.666,1,1
2024-04-03,val,0.5474,1,1
2024-04-03,val,0.3743,0,1
2024-04-03,val,0.4238,0,1
2024-04-03,val,0.629,1,1
2024-04-03,val,0.606,1,1
2024-04-03,val,0.584,1,1
2024-04-02,val,0.3987,0,0
2024-04-02,val,0.554,1,0
2024-04-01,val,0.4475,0,0
2024-04-01,val,0.5146,1,0
2024-04-01,val,0.353,0,0
2024-04-01,val,0.3994,0,0
2024-04-01,val,0.535,1,0
2024-04-01,val,0.4746,0,0
2024-04-01,val,0.528,1,0
2024-04-01,val,0.4302,0,0
2024-04-01,val,0.5205,1,0
2024-04-01,val,0.5015,1,0
2024-04-01,val,0.4937,0,0
2024-04-01,val,0.564,1,0
2024-04-01,val,0.492,0,0
2024-04-01,val,0.4714,0,0
2024-03-28,val,0.4204,0,0
2024-03-28,val,0.484,0,0
2024-03-28,val,0.4749,0,0
2024-03-28,val,0.6133,1,0
2024-03-28,val,0.3801,0,0
2024-03-28,val,0.6665,1,0
2024-03-28,val,0.4927,0,0
2024-03-27,val,0.352,0,1
2024-03-27,val,0.4543,0,1
2024-03-27,val,0.5137,1,1
2024-03-27,val,0.591,1,1
2024-03-27,val,0.483,0,1
2024-03-27,val,0.5034,1,1
2024-03-27,val,0.55,1,1
2024-03-27,val,0.6846,1,1
2024-03-27,val,0.5625,1,1
2024-03-27,val,0.499,0,1
2024-03-26,val,0.5967,1,1
2024-03-26,val,0.536,1,1
2024-03-26,val,0.448,0,1
2024-03-26,val,0.3987,0,1
2024-03-26,val,0.5522,1,1
2024-03-26,val,0.6333,1,1
2024-03-25,val,0.4436,0,1
2024-03-25,val,0.395,0,1
2024-03-25,val,0.5483,1,1
2024-03-25,val,0.4,0,1
2024-03-25,val,0.4966,0,1
2024-03-25,val,0.5537,1,1
2024-03-25,val,0.5083,1,1
2024-03-22,val,0.5903,1,0
2024-03-22,val,0.513,1,0
2024-03-22,val,0.5273,1,0
2024-03-22,val,0.5024,1,0
2024-03-22,val,0.3347,0,0
2024-03-22,val,0.624,1,0
2024-03-22,val,0.498,0,0
2024-03-21,val,0.5063,1,0
2024-03-21,val,0.4436,0,0
2024-03-21,val,0.703,1,0
2024-03-21,val,0.2357,0,0
2024-03-21,val,0.649,1,0
2024-03-21,val,0.362,0,0
2024-03-21,val,0.658,1,0
2024-03-21,val,0.6772,1,0
2024-03-21,val,0.4976,0,0
2024-03-20,val,0.5713,1,1
2024-03-20,val,0.645,1,1
2024-03-20,val,0.595,1,1
2024-03-20,val,0.3108,0,1
2024-03-20,val,0.5605,1,1
2024-03-20,val,0.5024,1,1
2024-03-20,val,0.3303,0,1
2024-03-20,val,0.3987,0,1
2024-03-20,val,0.3242,0,1
2024-03-20,val,0.2922,0,1
2024-03-20,val,0.719,1,1
2024-03-19,val,0.4468,0,0
2024-03-19,val,0.4768,0,0
2024-03-19,val,0.5176,1,0
2024-03-19,val,0.5,1,0
2024-03-19,val,0.6196,1,0
2024-03-19,val,0.489,0,0
2024-03-19,val,0.5317,1,0
2024-03-18,val,0.6367,1,1
2024-03-18,val,0.6523,1,1
2024-03-18,val,0.5947,1,1
2024-03-18,val,0.2842,0,1
2024-03-18,val,0.2744,0,1
2024-03-18,val,0.4724,0,1
2024-03-18,val,0.435,0,1
2024-03-18,val,0.546,1,1
2024-03-18,val,0.3853,0,1
2024-03-18,val,0.461,0,1
2024-03-18,val,0.6064,1,1
2024-03-18,val,0.2495,0,1
2024-03-18,val,0.5884,1,1
2024-03-18,val,0.4905,0,1
2024-03-18,val,0.71,1,1
2024-03-18,val,0.6074,1,1
2024-03-18,val,0.603,1,1
2024-03-15,val,0.3298,0,1
2024-03-15,val,0.6406,1,1
2024-03-15,val,0.4314,0,1
2024-03-15,val,0.6016,1,1
2024-03-15,val,0.524,1,1
2024-03-15,val,0.3884,0,1
2024-03-15,val,0.551,1,1
2024-03-15,val,0.3125,0,1
2024-03-15,val,0.4817,0,1
2024-03-14,val,0.6406,1,0
2024-03-14,val,0.6016,1,0
2024-03-14,val,0.506,1,0
2024-03-14,val,0.3862,0,0
2024-03-14,val,0.3005,0,0
2024-03-14,val,0.352,0,0
2024-03-14,val,0.574,1,0
2024-03-14,val,0.496,0,0
2024-03-13,val,0.4236,0,0
2024-03-13,val,0.614,1,0
2024-03-13,val,0.4946,0,0
2024-03-13,val,0.4385,0,0
2024-03-13,val,0.46,0,0
2024-03-13,val,0.4995,0,0
2024-03-13,val,0.306,0,0
2024-03-13,val,0.346,0,0
2024-03-12,val,0.5615,1,0
2024-03-12,val,0.585,1,0
2024-03-12,val,0.602,1,0
2024-03-12,val,0.587,1,0
2024-03-12,val,0.6445,1,0
2024-03-12,val,0.68,1,0
2024-03-12,val,0.513,1,0
2024-03-11,val,0.6377,1,1
2024-03-11,val,0.754,1,1
2024-03-11,val,0.1907,0,1
2024-03-11,val,0.573,1,1
2024-03-11,val,0.59,1,1
2024-03-11,val,0.4321,0,1
2024-03-11,val,0.55,1,1
2024-03-08,val,0.4543,0,0
2024-03-08,val,0.5083,1,0
2024-03-08,val,0.4077,0,0
2024-03-08,val,0.4495,0,0
2024-03-08,val,0.4575,0,0
2024-03-08,val,0.499,0,0
2024-03-08,val,0.693,1,0
2024-03-08,val,0.5938,1,0
2024-03-08,val,0.6025,1,0
2024-03-07,val,0.516,1,1
2024-03-07,val,0.4863,0,1
2024-03-07,val,0.4524,0,1
2024-03-07,val,0.4026,0,1
2024-03-07,val,0.804,1,1
2024-03-07,val,0.6455,1,1
2024-03-07,val,0.564,1,1
2024-03-07,val,0.625,1,1
2024-03-07,val,0.4849,0,1
2024-03-06,val,0.8286,1,0
2024-03-06,val,0.6997,1,0
2024-03-06,val,0.6406,1,0
2024-03-06,val,0.5176,1,0
2024-03-06,val,0.4353,0,0
2024-03-05,val,0.6274,1,0
2024-03-05,val,0.639,1,0
2024-03-05,val,0.6,1,0
2024-03-05,val,0.372,0,0
2024-03-05,val,0.57,1,0
2024-03-05,val,0.671,1,0
2024-03-05,val,0.5356,1,0
2024-03-04,val,0.6,1,0
2024-03-04,val,0.4854,0,0
2024-03-04,val,0.5693,1,0
2024-03-04,val,0.6714,1,0
2024-03-04,val,0.3267,0,0
2024-03-04,val,0.699,1,0
2024-03-04,val,0.38,0,0
2024-03-04,val,0.4758,0,0
2024-03-04,val,0.514,1,0
2024-03-04,val,0.5513,1,0
2024-03-04,val,0.4556,0,0
2024-03-04,val,0.3826,0,0
2024-03-04,val,0.541,1,0
2024-03-04,val,0.495,0,0
2024-03-04,val,0.4395,0,0
2024-03-04,val,0.4224,0,0
2024-03-04,val,0.596,1,0
2024-03-04,val,0.463,0,0
2024-03-01,val,0.4492,0,1
2024-03-01,val,0.5283,1,1
2024-03-01,val,0.4268,0,1
2024-03-01,val,0.593,1,1
2024-03-01,val,0.4656,0,1
2024-02-29,val,0.521,1,0
2024-02-29,val,0.5347,1,0
2024-02-29,val,0.5522,1,0
2024-02-29,val,0.776,1,0
2024-02-28,val,0.2727,0,1
2024-02-28,val,0.2886,0,1
2024-02-28,val,0.497,0,1
2024-02-28,val,0.4775,0,1
2024-02-28,val,0.4932,0,1
2024-02-28,val,0.5425,1,1
2024-02-28,val,0.4502,0,1
2024-02-28,val,0.6504,1,1
2024-02-27,val,0.557,1,1
2024-02-27,val,0.4539,0,1
2024-02-27,val,0.4927,0,1
2024-02-26,val,0.4082,0,1
2024-02-26,val,0.5645,1,1
2024-02-26,val,0.4604,0,1
2024-02-26,val,0.5293,1,1
2024-02-26,val,0.4875,0,1
2024-02-26,val,0.4316,0,1
2024-02-26,val,0.629,1,1
2024-02-26,val,0.554,1,1
2024-02-23,val,0.4224,0,0
2024-02-23,val,0.3037,0,0
2024-02-23,val,0.484,0,0
2024-02-23,val,0.629,1,0
2024-02-23,val,0.3738,0,0
2024-02-23,val,0.3438,0,0
2024-02-22,val,0.457,0,1
2024-02-22,val,0.7476,1,1
2024-02-22,val,0.3872,0,1
2024-02-21,val,0.551,1,1
2024-02-21,val,0.428,0,1
2024-02-21,val,0.4727,0,1
2024-02-21,val,0.3816,0,1
2024-02-20,val,0.4785,0,0
2024-02-20,val,0.44,0,0
2024-02-20,val,0.633,1,0
2024-02-20,val,0.483,0,0
2024-02-20,val,0.5347,1,0
2024-02-20,val,0.3076,0,0
2024-02-20,val,0.3975,0,0
2024-02-20,val,0.5767,1,0
2024-02-20,val,0.2717,0,0
2024-02-20,val,0.5083,1,0
2024-02-20,val,0.3098,0,0
2024-02-20,val,0.3865,0,0
2024-02-20,val,0.5957,1,0
2024-02-20,val,0.4417,0,0
2024-02-16,val,0.58,1,0
2024-02-16,val,0.5513,1,0
2024-02-16,val,0.461,0,0
2024-02-16,val,0.549,1,0
2024-02-16,val,0.546,1,0
2024-02-16,val,0.687,1,0
2024-02-15,val,0.5513,1,1
2024-02-15,val,0.397,0,1
2024-02-15,val,0.3203,0,1
2024-02-15,val,0.422,0,1
2024-02-15,val,0.339,0,1
2024-02-15,val,0.4038,0,1
2024-02-15,val,0.598,1,1
2024-02-15,val,0.5127,1,1
2024-02-15,val,0.5483,1,1
2024-02-15,val,0.543,1,1
2024-02-14,val,0.5615,1,1
2024-02-14,val,0.496,0,1
2024-02-14,val,0.4038,0,1
2024-02-14,val,0.542,1,1
2024-02-14,val,0.566,1,1
2024-02-14,val,0.277,0,1
2024-02-14,val,0.4714,0,1
2024-02-14,val,0.5107,1,1
2024-02-13,val,0.4724,0,0
2024-02-13,val,0.3909,0,0
2024-02-13,val,0.555,1,0
2024-02-13,val,0.4062,0,0
2024-02-13,val,0.558,1,0
2024-02-13,val,0.3826,0,0
2024-02-13,val,0.4604,0,0
2024-02-12,val,0.4775,0,0
2024-02-12,val,0.4866,0,0
2024-02-12,val,0.4321,0,0
2024-02-12,val,0.4148,0,0
2024-02-12,val,0.5093,1,0
2024-02-12,val,0.5356,1,0
2024-02-12,val,0.5293,1,0
2024-02-12,val,0.279,0,0
2024-02-12,val,0.558,1,0
2024-02-12,val,0.388,0,0
2024-02-12,val,0.55,1,0
2024-02-12,val,0.665,1,0
2024-02-12,val,0.4622,0,0
2024-02-12,val,0.3777,0,0
2024-02-12,val,0.3833,0,0
2024-02-09,val,0.5234,1,1
2024-02-09,val,0.633,1,1
2024-02-09,val,0.4697,0,1
2024-02-09,val,0.612,1,1
2024-02-09,val,0.4875,0,1
2024-02-09,val,0.4229,0,1
2024-02-09,val,0.3328,0,1
2024-02-08,val,0.3962,0,1
2024-02-08,val,0.3809,0,1
2024-02-08,val,0.483,0,1
2024-02-08,val,0.4067,0,1
2024-02-08,val,0.6064,1,1
2024-02-08,val,0.513,1,1
2024-02-07,val,0.532,1,1
2024-02-07,val,0.725,1,1
2024-02-07,val,0.625,1,1
2024-02-07,val,0.4866,0,1
2024-02-07,val,0.467,0,1
2024-02-07,val,0.491,0,1
2024-02-07,val,0.4546,0,1
2024-02-07,val,0.496,0,1
2024-02-07,val,0.5312,1,1
2024-02-07,val,0.3484,0,1
2024-02-06,val,0.4858,0,1
2024-02-06,val,0.535,1,1
2024-02-06,val,0.6523,1,1
2024-02-05,val,0.423,0,0
2024-02-05,val,0.2861,0,0
2024-02-05,val,0.4097,0,0
2024-02-05,val,0.4128,0,0
2024-02-05,val,0.4597,0,0
2024-02-05,val,0.3699,0,0
2024-02-05,val,0.4473,0,0
2024-02-05,val,0.3843,0,0
2024-02-05,val,0.5044,1,0
2024-02-05,val,0.6685,1,0
2024-02-02,val,0.4563,0,0
2024-02-02,val,0.4038,0,0
2024-02-02,val,0.671,1,0
2024-02-02,val,0.4822,0,0
2024-02-02,val,0.3252,0,0
2024-02-01,val,0.438,0,1
2024-02-01,val,0.408,0,1
2024-02-01,val,0.498,0,1
2024-02-01,val,0.5425,1,1
2024-02-01,val,0.5747,1,1
2024-02-01,val,0.547,1,1
2024-02-01,val,0.516,1,1
2024-01-31,val,0.5703,1,0
2024-01-31,val,0.565,1,0
2024-01-31,val,0.468,0,0
2024-01-31,val,0.4714,0,0
2024-01-31,val,0.4946,0,0
2024-01-31,val,0.4321,0,0
2024-01-30,val,0.4436,0,1
2024-01-30,val,0.4148,0,1
2024-01-29,val,0.704,1,1
2024-01-29,val,0.6626,1,1
2024-01-29,val,0.3745,0,1
2024-01-29,val,0.612,1,1
2024-01-29,val,0.663,1,1
2024-01-29,val,0.6323,1,1
2024-01-29,val,0.506,1,1
2024-01-29,val,0.5605,1,1
2024-01-29,val,0.3855,0,1
2024-01-26,val,0.5957,1,1
2024-01-26,val,0.5967,1,1
2024-01-26,val,0.4514,0,1
2024-01-26,val,0.584,1,1
2024-01-26,val,0.497,0,1
2024-01-26,val,0.5356,1,1
2024-01-26,val,0.4724,0,1
2024-01-25,val,0.6475,1,0
2024-01-25,val,0.4863,0,0
2024-01-25,val,0.602,1,0
2024-01-25,val,0.4275,0,0
2024-01-24,val,0.566,1,0
2024-01-24,val,0.6343,1,0
2024-01-24,val,0.4238,0,0
2024-01-24,val,0.513,1,0
2024-01-24,val,0.4866,0,0
2024-01-24,val,0.4724,0,0
2024-01-24,val,0.4287,0,0
2024-01-24,val,0.3765,0,0
2024-01-23,val,0.4941,0,1
2024-01-23,val,0.382,0,1
2024-01-23,val,0.4624,0,1
2024-01-23,val,0.5024,1,1
2024-01-23,val,0.4946,0,1
2024-01-22,val,0.4905,0,0
2024-01-22,val,0.6265,1,0
2024-01-22,val,0.3945,0,0
2024-01-22,val,0.3694,0,0
2024-01-22,val,0.3506,0,0
2024-01-22,val,0.763,1,0
2024-01-22,val,0.5,1,0
2024-01-22,val,0.4875,0,0
2024-01-22,val,0.4429,0,0
2024-01-19,val,0.4941,0,1
2024-01-19,val,0.638,1,1
2024-01-18,val,0.419,0,0
2024-01-18,val,0.3958,0,0
2024-01-18,val,0.557,1,0
2024-01-18,val,0.491,0,0
2024-01-18,val,0.575,1,0
2024-01-18,val,0.4556,0,0
2024-01-18,val,0.5596,1,0
2024-01-18,val,0.4749,0,0
2024-01-18,val,0.11597,0,0
2024-01-17,val,0.402,0,0
2024-01-17,val,0.5015,1,0
2024-01-17,val,0.427,0,0
2024-01-17,val,0.4546,0,0
2024-01-17,val,0.549,1,0
2024-01-16,val,0.395,0,1
2024-01-16,val,0.54,1,1
2024-01-16,val,0.457,0,1
2024-01-16,val,0.4492,0,1
2024-01-16,val,0.3276,0,1
2024-01-16,val,0.4172,0,1
2024-01-16,val,0.5205,1,1
2024-01-16,val,0.3804,0,1
2024-01-16,val,0.562,1,1
2024-01-16,val,0.4153,0,1
2024-01-16,val,0.64,1,1
2024-01-16,val,0.5635,1,1
2024-01-16,val,0.4724,0,1
2024-01-16,val,0.2384,0,1
2024-01-16,val,0.4707,0,1
2024-01-16,val,0.596,1,1
2024-01-12,val,0.6157,1,0
2024-01-12,val,0.5127,1,0
2024-01-12,val,0.4915,0,0
2024-01-12,val,0.602,1,0
2024-01-12,val,0.5615,1,0
2024-01-11,val,0.337,0,0
2024-01-11,val,0.4414,0,0
2024-01-11,val,0.5312,1,0
2024-01-11,val,0.4866,0,0
2024-01-11,val,0.4587,0,0
2024-01-11,val,0.539,1,0
2024-01-10,val,0.5435,1,0
2024-01-10,val,0.509,1,0
2024-01-10,val,0.468,0,0
2024-01-10,val,0.5845,1,0
2024-01-10,val,0.4639,0,0
2024-01-10,val,0.2438,0,0
2024-01-09,val,0.531,1,0
2024-01-09,val,0.4194,0,0
2024-01-08,val,0.296,0,1
2024-01-08,val,0.523,1,1
2024-01-08,val,0.5386,1,1
2024-01-08,val,0.612,1,1
2024-01-08,val,0.2368,0,1
2024-01-05,val,0.592,1,0
2024-01-05,val,0.3616,0,0
2024-01-05,val,0.5264,1,0
2024-01-05,val,0.4714,0,0
2024-01-05,val,0.5576,1,0
2024-01-04,val,0.582,1,0
2024-01-04,val,0.6025,1,0
2024-01-04,val,0.4507,0,0
2024-01-03,val,0.585,1,0
2024-01-02,val,0.4204,0,0
2024-01-02,val,0.566,1,0
2024-01-02,val,0.325,0,0
2024-01-02,val,0.571,1,0
2024-01-02,val,0.4768,0,0
2024-01-02,val,0.6367,1,0
2024-01-02,val,0.313,0,0
2025-04-14,test,0.278,0,1
2025-04-14,test,0.519,1,1
2025-04-14,test,0.2457,0,1
2025-04-14,test,0.539,1,1
2025-04-14,test,0.3848,0,1
2025-04-14,test,0.5264,1,1
2025-04-14,test,0.5947,1,1
2025-04-14,test,0.4475,0,1
2025-04-14,test,0.3672,0,1
2025-04-14,test,0.5723,1,1
2025-04-14,test,0.5537,1,1
2025-04-14,test,0.356,0,1
2025-04-14,test,0.3914,0,1
2025-04-14,test,0.3628,0,1
2025-04-14,test,0.509,1,1
2025-04-14,test,0.527,1,1
2025-04-14,test,0.2742,0,1
2025-04-11,test,0.536,1,0
2025-04-11,test,0.5483,1,0
2025-04-11,test,0.279,0,0
2025-04-11,test,0.555,1,0
2025-04-11,test,0.6675,1,0
2025-04-11,test,0.5425,1,0
2025-04-11,test,0.55,1,0
2025-04-11,test,0.5635,1,0
2025-04-11,test,0.616,1,0
2025-04-11,test,0.4875,0,0
2025-04-11,test,0.536,1,0
2025-04-11,test,0.3833,0,0
2025-04-11,test,0.4749,0,0
2025-04-11,test,0.3132,0,0
2025-04-11,test,0.4812,0,0
2025-04-10,test,0.4211,0,0
2025-04-10,test,0.4116,0,0
2025-04-10,test,0.711,1,0
2025-04-10,test,0.497,0,0
2025-04-10,test,0.581,1,0
2025-04-10,test,0.551,1,0
2025-04-10,test,0.5337,1,0
2025-04-10,test,0.2844,0,0
2025-04-10,test,0.5747,1,0
2025-04-10,test,0.4314,0,0
2025-04-10,test,0.6074,1,0
2025-04-10,test,0.711,1,0
2025-04-10,test,0.547,1,0
2025-04-10,test,0.423,0,0
2025-04-10,test,0.4443,0,0
2025-04-09,test,0.5273,1,1
2025-04-09,test,0.3289,0,1
2025-04-09,test,0.4006,0,1
2025-04-09,test,0.5166,1,1
2025-04-09,test,0.5186,1,1
2025-04-09,test,0.2932,0,1
2025-04-09,test,0.4724,0,1
2025-04-09,test,0.596,1,1
2025-04-09,test,0.3994,0,1
2025-04-09,test,0.423,0,1
2025-04-09,test,0.4583,0,1
2025-04-09,test,0.375,0,1
2025-04-09,test,0.411,0,1
2025-04-09,test,0.388,0,1
2025-04-09,test,0.4932,0,1
2025-04-09,test,0.6953,1,1
2025-04-09,test,0.5947,1,1
2025-04-09,test,0.4932,0,1
2025-04-09,test,0.779,1,1
2025-04-09,test,0.4429,0,1
2025-04-09,test,0.4514,0,1
2025-04-09,test,0.5444,1,1
2025-04-08,test,0.3486,0,0
2025-04-08,test,0.4058,0,0
2025-04-08,test,0.339,0,0
2025-04-08,test,0.4866,0,0
2025-04-08,test,0.4587,0,0
2025-04-08,test,0.604,1,0
2025-04-08,test,0.4524,0,0
2025-04-08,test,0.4524,0,0
2025-04-08,test,0.558,1,0
2025-04-08,test,0.444,0,0
2025-04-08,test,0.4514,0,0
2025-04-08,test,0.582,1,0
2025-04-08,test,0.4849,0,0
2025-04-08,test,0.4375,0,0
2025-04-08,test,0.5244,1,0
2025-04-08,test,0.4414,0,0
2025-04-08,test,0.4656,0,0
2025-04-07,test,0.509,1,0
2025-04-07,test,0.514,1,0
2025-04-07,test,0.574,1,0
2025-04-07,test,0.3193,0,0
2025-04-07,test,0.3992,0,0
2025-04-07,test,0.6416,1,0
2025-04-07,test,0.3296,0,0
2025-04-07,test,0.423,0,0
2025-04-07,test,0.5176,1,0
2025-04-07,test,0.528,1,0
2025-04-07,test,0.3665,0,0
2025-04-07,test,0.3337,0,0
2025-04-07,test,0.5063,1,0
2025-04-07,test,0.4639,0,0
2025-04-07,test,0.4822,0,0
2025-04-07,test,0.4531,0,0
2025-04-07,test,0.477,0,0
2025-04-07,test,0.3037,0,0
2025-04-07,test,0.4854,0,0
2025-04-07,test,0.3938,0,0
2025-04-07,test,0.4214,0,0
2025-04-07,test,0.4612,0,0
2025-04-07,test,0.3564,0,0
2025-04-07,test,0.4287,0,0
2025-04-07,test,0.541,1,0
2025-04-07,test,0.4702,0,0
2025-04-07,test,0.4875,0,0
2025-04-07,test,0.672,1,0
2025-04-07,test,0.6147,1,0
2025-04-04,test,0.4597,0,0
2025-04-04,test,0.6597,1,0
2025-04-04,test,0.3323,0,0
2025-04-04,test,0.4097,0,0
2025-04-04,test,0.352,0,0
2025-04-04,test,0.474,0,0
2025-04-04,test,0.5576,1,0
2025-04-04,test,0.518,1,0
2025-04-04,test,0.571,1,0
2025-04-04,test,0.5454,1,0
2025-04-04,test,0.5537,1,0
2025-04-04,test,0.623,1,0
2025-04-04,test,0.22,0,0
2025-04-04,test,0.5015,1,0
2025-04-04,test,0.3586,0,0
2025-04-03,test,0.3496,0,0
2025-04-03,test,0.2983,0,0
2025-04-03,test,0.4014,0,0
2025-04-03,test,0.28,0,0
2025-04-03,test,0.3884,0,0
2025-04-03,test,0.49,0,0
2025-04-03,test,0.3545,0,0
2025-04-03,test,0.3545,0,0
2025-04-03,test,0.525,1,0
2025-04-03,test,0.68,1,0
2025-04-03,test,0.4568,0,0
2025-04-03,test,0.3809,0,0
2025-04-03,test,0.4634,0,0
2025-04-03,test,0.496,0,0
2025-04-03,test,0.4414,0,0
2025-04-02,test,0.4546,0,1
2025-04-02,test,0.5776,1,1
2025-04-02,test,0.407,0,1
2025-04-02,test,0.4624,0,1
2025-04-02,test,0.3787,0,1
2025-04-02,test,0.4895,0,1
2025-04-02,test,0.4436,0,1
2025-04-01,test,0.497,0,1
2025-04-01,test,0.4338,0,1
2025-04-01,test,0.503,1,1
2025-04-01,test,0.4216,0,1
2025-04-01,test,0.517,1,1
2025-04-01,test,0.3262,0,1
2025-04-01,test,0.2411,0,1
2025-04-01,test,0.441,0,1
2025-04-01,test,0.4746,0,1
2025-04-01,test,0.4453,0,1
2025-04-01,test,0.2825,0,1
2025-04-01,test,0.4116,0,1
2025-03-31,test,0.497,0,0
2025-03-31,test,0.3047,0,0
2025-03-31,test,0.4092,0,0
2025-03-31,test,0.4436,0,0
2025-03-31,test,0.4492,0,0
2025-03-31,test,0.4436,0,0
2025-03-31,test,0.496,0,0
2025-03-31,test,0.426,0,0
2025-03-31,test,0.2615,0,0
2025-03-31,test,0.56,1,0
2025-03-31,test,0.488,0,0
2025-03-31,test,0.4797,0,0
2025-03-31,test,0.3083,0,0
2025-03-31,test,0.4775,0,0
2025-03-31,test,0.4172,0,0
2025-03-31,test,0.4475,0,0
2025-03-31,test,0.5166,1,0
2025-03-31,test,0.686,1,0
2025-03-31,test,0.3918,0,0
2025-03-28,test,0.6367,1,0
2025-03-28,test,0.2856,0,0
2025-03-28,test,0.4524,0,0
2025-03-28,test,0.4387,0,0
2025-03-28,test,0.4514,0,0
2025-03-28,test,0.5176,1,0
2025-03-28,test,0.538,1,0
2025-03-28,test,0.6313,1,0
2025-03-28,test,0.2278,0,0
2025-03-28,test,0.4812,0,0
2025-03-28,test,0.657,1,0
2025-03-28,test,0.5767,1,0
2025-03-28,test,0.616,1,0
2025-03-27,test,0.411,0,1
2025-03-27,test,0.6504,1,1
2025-03-27,test,0.3313,0,1
2025-03-27,test,0.518,1,1
2025-03-27,test,0.6235,1,1
2025-03-27,test,0.4045,0,1
2025-03-26,test,0.6167,1,0
2025-03-26,test,0.471,0,0
2025-03-26,test,0.5903,1,0
2025-03-26,test,0.1646,0,0
2025-03-26,test,0.3813,0,0
2025-03-26,test,0.3901,0,0
2025-03-26,test,0.4546,0,0
2025-03-25,test,0.4753,0,1
2025-03-25,test,0.2273,0,1
2025-03-25,test,0.5513,1,1
2025-03-25,test,0.288,0,1
2025-03-25,test,0.4758,0,1
2025-03-25,test,0.682,1,1
2025-03-25,test,0.3909,0,1
2025-03-25,test,0.4976,0,1
2025-03-24,test,0.4307,0,1
2025-03-24,test,0.4634,0,1
2025-03-24,test,0.522,1,1
2025-03-24,test,0.45,0,1
2025-03-24,test,0.3171,0,1
2025-03-24,test,0.3267,0,1
2025-03-24,test,0.4302,0,1
2025-03-24,test,0.5356,1,1
2025-03-24,test,0.2751,0,1
2025-03-24,test,0.671,1,1
2025-03-24,test,0.5117,1,1
2025-03-24,test,0.3545,0,1
2025-03-24,test,0.6265,1,1
2025-03-24,test,0.4866,0,1
2025-03-24,test,0.4802,0,1
2025-03-24,test,0.3958,0,1
2025-03-21,test,0.4368,0,1
2025-03-21,test,0.5366,1,1
2025-03-21,test,0.5938,1,1
2025-03-21,test,0.569,1,1
2025-03-21,test,0.4468,0,1
2025-03-21,test,0.501,1,1
2025-03-20,test,0.738,1,1
2025-03-20,test,0.5005,1,1
2025-03-20,test,0.603,1,1
2025-03-20,test,0.4646,0,1
2025-03-20,test,0.7095,1,1
2025-03-20,test,0.5186,1,1
2025-03-20,test,0.3804,0,1
2025-03-20,test,0.4905,0,1
2025-03-20,test,0.562,1,1
2025-03-20,test,0.4688,0,1
2025-03-20,test,0.4358,0,1
2025-03-20,test,0.309,0,1
2025-03-20,test,0.4395,0,1
2025-03-19,test,0.39,0,1
2025-03-19,test,0.372,0,1
2025-03-19,test,0.666,1,1
2025-03-19,test,0.4097,0,1
2025-03-19,test,0.3962,0,1
2025-03-19,test,0.461,0,1
2025-03-19,test,0.532,1,1
2025-03-19,test,0.531,1,1
2025-03-19,test,0.4268,0,1
2025-03-19,test,0.5913,1,1
2025-03-18,test,0.4817,0,0
2025-03-18,test,0.3394,0,0
2025-03-18,test,0.4197,0,0
2025-03-18,test,0.5127,1,0
2025-03-18,test,0.4587,0,0
2025-03-18,test,0.4556,0,0
2025-03-18,test,0.2379,0,0
2025-03-18,test,0.6216,1,0
2025-03-18,test,0.592,1,0
2025-03-18,test,0.4106,0,0
2025-03-17,test,0.518,1,0
2025-03-17,test,0.527,1,0
2025-03-17,test,0.3489,0,0
2025-03-17,test,0.5327,1,0
2025-03-17,test,0.4749,0,0
2025-03-17,test,0.446,0,0
2025-03-17,test,0.6504,1,0
2025-03-17,test,0.6206,1,0
2025-03-17,test,0.5713,1,0
2025-03-17,test,0.4812,0,0
2025-03-17,test,0.4316,0,0
2025-03-17,test,0.5,1,0
2025-03-17,test,0.4124,0,0
2025-03-17,test,0.6753,1,0
2025-03-17,test,0.4797,0,0
2025-03-17,test,0.4656,0,0
2025-03-17,test,0.679,1,0
2025-03-17,test,0.5107,1,0
2025-03-17,test,0.4597,0,0
2025-03-17,test,0.4822,0,0
2025-03-17,test,0.549,1,0
2025-03-17,test,0.3782,0,0
2025-03-17,test,0.609,1,0
2025-03-14,test,0.4556,0,1
2025-03-14,test,0.388,0,1
2025-03-14,test,0.598,1,1
2025-03-14,test,0.5996,1,1
2025-03-14,test,0.374,0,1
2025-03-14,test,0.521,1,1
2025-03-14,test,0.5454,1,1
2025-03-14,test,0.44,0,1
2025-03-14,test,0.4858,0,1
2025-03-14,test,0.5,1,1
2025-03-13,test,0.407,0,0
2025-03-13,test,0.6577,1,0
2025-03-13,test,0.4941,0,0
2025-03-13,test,0.4604,0,0
2025-03-13,test,0.5684,1,0
2025-03-13,test,0.559,1,0
2025-03-13,test,0.5186,1,0
2025-03-13,test,0.6562,1,0
2025-03-13,test,0.2433,0,0
2025-03-13,test,0.4866,0,0
2025-03-13,test,0.2988,0,0
2025-03-13,test,0.3528,0,0
2025-03-13,test,0.586,1,0
2025-03-12,test,0.6733,1,1
2025-03-12,test,0.554,1,1
2025-03-12,test,0.5566,1,1
2025-03-12,test,0.4248,0,1
2025-03-12,test,0.4136,0,1
2025-03-12,test,0.593,1,1
2025-03-12,test,0.625,1,1
2025-03-12,test,0.4392,0,1
2025-03-12,test,0.4316,0,1
2025-03-11,test,0.4453,0,1
2025-03-11,test,0.426,0,1
2025-03-11,test,0.4128,0,1
2025-03-11,test,0.6235,1,1
2025-03-11,test,0.3748,0,1
2025-03-11,test,0.423,0,1
2025-03-11,test,0.45,0,1
2025-03-11,test,0.6494,1,1
2025-03-11,test,0.2996,0,1
2025-03-11,test,0.609,1,1
2025-03-11,test,0.537,1,1
2025-03-11,test,0.468,0,1
2025-03-11,test,0.575,1,1
2025-03-11,test,0.4604,0,1
2025-03-11,test,0.3083,0,1
2025-03-11,test,0.3755,0,1
2025-03-11,test,0.3489,0,1
2025-03-11,test,0.369,0,1
2025-03-10,test,0.6304,1,0
2025-03-10,test,0.3472,0,0
2025-03-10,test,0.5776,1,0
2025-03-10,test,0.423,0,0
2025-03-10,test,0.552,1,0
2025-03-10,test,0.422,0,0
2025-03-10,test,0.4138,0,0
2025-03-10,test,0.4524,0,0
2025-03-10,test,0.474,0,0
2025-03-10,test,0.3765,0,0
2025-03-10,test,0.279,0,0
2025-03-10,test,0.503,1,0
2025-03-10,test,0.2976,0,0
2025-03-10,test,0.525,1,0
2025-03-10,test,0.4253,0,0
2025-03-10,test,0.42,0,0
2025-03-10,test,0.5767,1,0
2025-03-10,test,0.659,1,0
2025-03-10,test,0.4387,0,0
2025-03-10,test,0.6787,1,0
2025-03-10,test,0.229,0,0
2025-03-10,test,0.467,0,0
2025-03-10,test,0.4685,0,0
2025-03-07,test,0.395,0,0
2025-03-07,test,0.4294,0,0
2025-03-07,test,0.5234,1,0
2025-03-07,test,0.5884,1,0
2025-03-07,test,0.4866,0,0
2025-03-07,test,0.397,0,0
2025-03-07,test,0.4343,0,0
2025-03-07,test,0.5176,1,0
2025-03-07,test,0.5063,1,0
2025-03-07,test,0.564,1,0
2025-03-07,test,0.587,1,0
2025-03-07,test,0.6665,1,0
2025-03-07,test,0.3965,0,0
2025-03-06,test,0.3933,0,0
2025-03-06,test,0.557,1,0
2025-03-06,test,0.6963,1,0
2025-03-06,test,0.4229,0,0
2025-03-06,test,0.537,1,0
2025-03-06,test,0.2328,0,0
2025-03-06,test,0.5356,1,0
2025-03-06,test,0.721,1,0
2025-03-06,test,0.3267,0,0
2025-03-06,test,0.6167,1,0
2025-03-05,test,0.575,1,1
2025-03-05,test,0.4434,0,1
2025-03-05,test,0.518,1,1
2025-03-05,test,0.423,0,1
2025-03-05,test,0.416,0,1
2025-03-05,test,0.3716,0,1
2025-03-05,test,0.4302,0,1
2025-03-05,test,0.3098,0,1
2025-03-05,test,0.474,0,1
2025-03-05,test,0.3665,0,1
2025-03-05,test,0.4849,0,1
2025-03-05,test,0.4468,0,1
2025-03-05,test,0.6006,1,1
2025-03-05,test,0.4546,0,1
2025-03-05,test,0.63,1,1
2025-03-05,test,0.4177,0,1
2025-03-05,test,0.3572,0,1
2025-03-05,test,0.558,1,1
2025-03-05,test,0.3574,0,1
2025-03-05,test,0.3809,0,1
2025-03-05,test,0.4731,0,1
2025-03-04,test,0.464,0,0
2025-03-04,test,0.515,1,0
2025-03-04,test,0.6377,1,0
2025-03-04,test,0.571,1,0
2025-03-04,test,0.4197,0,0
2025-03-04,test,0.5073,1,0
2025-03-04,test,0.3284,0,0
2025-03-04,test,0.4863,0,0
2025-03-04,test,0.523,1,0
2025-03-04,test,0.5933,1,0
2025-03-04,test,0.3855,0,0
2025-03-04,test,0.3982,0,0
2025-03-04,test,0.4287,0,0
2025-03-04,test,0.558,1,0
2025-03-04,test,0.574,1,0
2025-03-03,test,0.6416,1,0
2025-03-03,test,0.714,1,0
2025-03-03,test,0.3862,0,0
2025-03-03,test,0.4758,0,0
2025-03-03,test,0.4392,0,0
2025-03-03,test,0.4656,0,0
2025-03-03,test,0.5864,1,0
2025-03-03,test,0.5635,1,0
2025-03-03,test,0.2554,0,0
2025-03-03,test,0.4995,0,0
2025-03-03,test,0.396,0,0
2025-03-03,test,0.5024,1,0
2025-03-03,test,0.5376,1,0
2025-03-03,test,0.3623,0,0
2025-03-03,test,0.4714,0,0
2025-03-03,test,0.568,1,0
2025-03-03,test,0.375,0,0
2025-03-03,test,0.549,1,0
2025-03-03,test,0.5405,1,0
2025-02-28,test,0.4365,0,1
2025-02-28,test,0.6284,1,1
2025-02-28,test,0.357,0,1
2025-02-28,test,0.4248,0,1
2025-02-28,test,0.4507,0,1
2025-02-28,test,0.577,1,1
2025-02-28,test,0.4268,0,1
2025-02-28,test,0.3953,0,1
2025-02-28,test,0.612,1,1
2025-02-28,test,0.4587,0,1
2025-02-28,test,0.3765,0,1
2025-02-28,test,0.5474,1,1
2025-02-28,test,0.423,0,1
2025-02-28,test,0.5605,1,1
2025-02-27,test,0.596,1,0
2025-02-27,test,0.5566,1,0
2025-02-27,test,0.516,1,0
2025-02-27,test,0.423,0,0
2025-02-27,test,0.51,1,0
2025-02-27,test,0.5205,1,0
2025-02-27,test,0.4407,0,0
2025-02-27,test,0.5366,1,0
2025-02-27,test,0.522,1,0
2025-02-27,test,0.4612,0,0
2025-02-27,test,0.7095,1,0
2025-02-26,test,0.626,1,0
2025-02-26,test,0.5425,1,0
2025-02-26,test,0.542,1,0
2025-02-26,test,0.4453,0,0
2025-02-26,test,0.5127,1,0
2025-02-26,test,0.5396,1,0
2025-02-26,test,0.4646,0,0
2025-02-26,test,0.3376,0,0
2025-02-26,test,0.539,1,0
2025-02-26,test,0.555,1,0
2025-02-26,test,0.4875,0,0
2025-02-26,test,0.556,1,0
2025-02-26,test,0.4407,0,0
2025-02-26,test,0.725,1,0
2025-02-25,test,0.622,1,0
2025-02-25,test,0.4875,0,0
2025-02-25,test,0.5454,1,0
2025-02-25,test,0.547,1,0
2025-02-25,test,0.495,0,0
2025-02-25,test,0.5845,1,0
2025-02-24,test,0.363,0,0
2025-02-24,test,0.6865,1,0
2025-02-24,test,0.3657,0,0
2025-02-24,test,0.3542,0,0
2025-02-24,test,0.3826,0,0
2025-02-24,test,0.5093,1,0
2025-02-24,test,0.646,1,0
2025-02-24,test,0.727,1,0
2025-02-24,test,0.4946,0,0
2025-02-24,test,0.5767,1,0
2025-02-24,test,0.4688,0,0
2025-02-24,test,0.5903,1,0
2025-02-24,test,0.4077,0,0
2025-02-24,test,0.49,0,0
2025-02-24,test,0.547,1,0
2025-02-24,test,0.3313,0,0
2025-02-24,test,0.213,0,0
2025-02-24,test,0.3699,0,0
2025-02-21,test,0.526,1,0
2025-02-21,test,0.5933,1,0
2025-02-21,test,0.5093,1,0
2025-02-21,test,0.3743,0,0
2025-02-21,test,0.3982,0,0
2025-02-21,test,0.5234,1,0
2025-02-21,test,0.626,1,0
2025-02-21,test,0.663,1,0
2025-02-21,test,0.627,1,0
2025-02-21,test,0.3,0,0
2025-02-21,test,0.522,1,0
2025-02-20,test,0.5312,1,0
2025-02-20,test,0.371,0,0
2025-02-20,test,0.495,0,0
2025-02-20,test,0.5645,1,0
2025-02-20,test,0.5073,1,0
2025-02-20,test,0.4429,0,0
2025-02-20,test,0.7554,1,0
2025-02-20,test,0.4116,0,0
2025-02-20,test,0.545,1,0
2025-02-19,test,0.45,0,1
2025-02-19,test,0.345,0,1
2025-02-19,test,0.605,1,1
2025-02-19,test,0.4443,0,1
2025-02-19,test,0.1866,0,1
2025-02-18,test,0.5767,1,0
2025-02-18,test,0.516,1,0
2025-02-18,test,0.5264,1,0
2025-02-18,test,0.571,1,0
2025-02-18,test,0.3672,0,0
2025-02-18,test,0.4812,0,0
2025-02-18,test,0.417,0,0
2025-02-18,test,0.5273,1,0
2025-02-18,test,0.2471,0,0
2025-02-18,test,0.3594,0,0
2025-02-18,test,0.4338,0,0
2025-02-18,test,0.5547,1,0
2025-02-18,test,0.3228,0,0
2025-02-18,test,0.527,1,0
2025-02-18,test,0.5728,1,0
2025-02-18,test,0.3113,0,0
2025-02-14,test,0.5933,1,0
2025-02-14,test,0.5117,1,0
2025-02-14,test,0.4346,0,0
2025-02-14,test,0.609,1,0
2025-02-14,test,0.566,1,0
2025-02-14,test,0.4932,0,0
2025-02-14,test,0.3726,0,0
2025-02-14,test,0.4482,0,0
2025-02-13,test,0.38,0,1
2025-02-13,test,0.4915,0,1
2025-02-13,test,0.463,0,1
2025-02-13,test,0.52,1,1
2025-02-13,test,0.4414,0,1
2025-02-13,test,0.5225,1,1
2025-02-13,test,0.5493,1,1
2025-02-13,test,0.554,1,1
2025-02-12,test,0.446,0,1
2025-02-12,test,0.344,0,1
2025-02-12,test,0.4358,0,1
2025-02-12,test,0.6753,1,1
2025-02-12,test,0.3242,0,1
2025-02-12,test,0.4746,0,1
2025-02-11,test,0.2157,0,0
2025-02-11,test,0.604,1,0
2025-02-11,test,0.4197,0,0
2025-02-11,test,0.559,1,0
2025-02-11,test,0.5728,1,0
2025-02-11,test,0.3872,0,0
2025-02-11,test,0.4414,0,0
2025-02-11,test,0.477,0,0
2025-02-11,test,0.3435,0,0
2025-02-11,test,0.562,1,0
2025-02-11,test,0.512,1,0
2025-02-10,test,0.3987,0,0
2025-02-10,test,0.4026,0,0
2025-02-10,test,0.5493,1,0
2025-02-10,test,0.4246,0,0
2025-02-10,test,0.527,1,0
2025-02-10,test,0.3914,0,0
2025-02-10,test,0.4775,0,0
2025-02-10,test,0.539,1,0
2025-02-10,test,0.2319,0,0
2025-02-10,test,0.2964,0,0
2025-02-10,test,0.4148,0,0
2025-02-10,test,0.4524,0,0
2025-02-10,test,0.3826,0,0
2025-02-10,test,0.4727,0,0
2025-02-10,test,0.552,1,0
2025-02-10,test,0.6074,1,0
2025-02-10,test,0.4617,0,0
2025-02-10,test,0.411,0,0
2025-02-10,test,0.4211,0,0
2025-02-10,test,0.5728,1,0
2025-02-10,test,0.5244,1,0
2025-02-10,test,0.4316,0,0
2025-02-10,test,0.463,0,0
2025-02-10,test,0.4482,0,0
2025-02-10,test,0.4358,0,0
2025-02-10,test,0.6543,1,0
2025-02-10,test,0.6147,1,0
2025-02-07,test,0.26,0,0
2025-02-07,test,0.5234,1,0
2025-02-07,test,0.45,0,0
2025-02-07,test,0.576,1,0
2025-02-06,test,0.2656,0,0
2025-02-06,test,0.2834,0,0
2025-02-06,test,0.5405,1,0
2025-02-06,test,0.5425,1,0
2025-02-06,test,0.4656,0,0
2025-02-06,test,0.727,1,0
2025-02-06,test,0.4531,0,0
2025-02-06,test,0.2983,0,0
2025-02-06,test,0.4731,0,0
2025-02-06,test,0.53,1,0
2025-02-05,test,0.58,1,0
2025-02-05,test,0.604,1,0
2025-02-05,test,0.5293,1,0
2025-02-05,test,0.5156,1,0
2025-02-05,test,0.499,0,0
2025-02-05,test,0.5527,1,0
2025-02-05,test,0.3787,0,0
2025-02-05,test,0.52,1,0
2025-02-05,test,0.559,1,0
2025-02-05,test,0.39,0,0
2025-02-05,test,0.4802,0,0
2025-02-05,test,0.615,1,0
2025-02-05,test,0.526,1,0
2025-02-05,test,0.3643,0,0
2025-02-04,test,0.419,0,1
2025-02-04,test,0.576,1,1
2025-02-04,test,0.5103,1,1
2025-02-04,test,0.377,0,1
2025-02-04,test,0.495,0,1
2025-02-04,test,0.3933,0,1
2025-02-04,test,0.5786,1,1
2025-02-04,test,0.3945,0,1
2025-02-04,test,0.3005,0,1
2025-02-04,test,0.365,0,1
2025-02-04,test,0.279,0,1
2025-02-04,test,0.6426,1,1
2025-02-04,test,0.6196,1,1
2025-02-04,test,0.549,1,1
2025-02-04,test,0.6943,1,1
2025-02-04,test,0.4885,0,1
2025-02-04,test,0.615,1,1
2025-02-03,test,0.604,1,0
2025-02-03,test,0.5366,1,0
2025-02-03,test,0.4136,0,0
2025-02-03,test,0.4287,0,0
2025-02-03,test,0.39,0,0
2025-02-03,test,0.436,0,0
2025-02-03,test,0.4656,0,0
2025-02-03,test,0.6323,1,0
2025-02-03,test,0.3982,0,0
2025-02-03,test,0.46,0,0
2025-02-03,test,0.4172,0,0
2025-02-03,test,0.5483,1,0
2025-02-03,test,0.3945,0,0
2025-02-03,test,0.56,1,0
2025-02-03,test,0.523,1,0
2025-02-03,test,0.5547,1,0
2025-01-31,test,0.604,1,1
2025-01-31,test,0.6064,1,1
2025-01-31,test,0.641,1,1
2025-01-31,test,0.559,1,1
2025-01-31,test,0.6606,1,1
2025-01-31,test,0.348,0,1
2025-01-31,test,0.5864,1,1
2025-01-31,test,0.4329,0,1
2025-01-31,test,0.619,1,1
2025-01-30,test,0.5093,1,1
2025-01-30,test,0.525,1,1
2025-01-30,test,0.5576,1,1
2025-01-30,test,0.4639,0,1
2025-01-30,test,0.3782,0,1
2025-01-30,test,0.3506,0,1
2025-01-30,test,0.5293,1,1
2025-01-30,test,0.544,1,1
2025-01-29,test,0.4563,0,0
2025-01-29,test,0.4656,0,0
2025-01-29,test,0.287,0,0
2025-01-29,test,0.603,1,0
2025-01-29,test,0.3933,0,0
2025-01-29,test,0.601,1,0
2025-01-29,test,0.622,1,0
2025-01-29,test,0.551,1,0
2025-01-29,test,0.4136,0,0
2025-01-28,test,0.555,1,1
2025-01-28,test,0.3408,0,1
2025-01-28,test,0.4246,0,1
2025-01-28,test,0.6167,1,1
2025-01-28,test,0.4316,0,1
2025-01-28,test,0.612,1,1
2025-01-28,test,0.7075,1,1
2025-01-28,test,0.4927,0,1
2025-01-28,test,0.491,0,1
2025-01-28,test,0.4285,0,1
2025-01-27,test,0.4736,0,0
2025-01-27,test,0.5337,1,0
2025-01-27,test,0.5093,1,0
2025-01-27,test,0.4214,0,0
2025-01-27,test,0.3264,0,0
2025-01-27,test,0.4905,0,0
2025-01-27,test,0.587,1,0
2025-01-27,test,0.3083,0,0
2025-01-27,test,0.5215,1,0
2025-01-27,test,0.609,1,0
2025-01-27,test,0.5225,1,0
2025-01-27,test,0.575,1,0
2025-01-27,test,0.4004,0,0
2025-01-27,test,0.615,1,0
2025-01-24,test,0.4531,0,0
2025-01-24,test,0.4692,0,0
2025-01-24,test,0.505,1,0
2025-01-24,test,0.5693,1,0
2025-01-24,test,0.3386,0,0
2025-01-24,test,0.4426,0,0
2025-01-24,test,0.5845,1,0
2025-01-24,test,0.3816,0,0
2025-01-24,test,0.3896,0,0
2025-01-24,test,0.4724,0,0
2025-01-24,test,0.492,0,0
2025-01-24,test,0.3594,0,0
2025-01-24,test,0.3665,0,0
2025-01-24,test,0.6196,1,0
2025-01-23,test,0.6343,1,0
2025-01-23,test,0.4177,0,0
2025-01-23,test,0.3508,0,0
2025-01-23,test,0.7227,1,0
2025-01-23,test,0.2683,0,0
2025-01-23,test,0.5083,1,0
2025-01-22,test,0.5034,1,0
2025-01-22,test,0.6,1,0
2025-01-22,test,0.5225,1,0
2025-01-22,test,0.3743,0,0
2025-01-22,test,0.3503,0,0
2025-01-21,test,0.4685,0,0
2025-01-21,test,0.513,1,0
2025-01-21,test,0.6064,1,0
2025-01-21,test,0.553,1,0
2025-01-21,test,0.4177,0,0
2025-01-21,test,0.531,1,0
2025-01-21,test,0.457,0,0
2025-01-21,test,0.371,0,0
2025-01-21,test,0.5747,1,0
2025-01-21,test,0.4875,0,0
2025-01-21,test,0.4087,0,0
2025-01-21,test,0.5435,1,0
2025-01-21,test,0.3804,0,0
2025-01-21,test,0.636,1,0
2025-01-21,test,0.574,1,0
2025-01-21,test,0.541,1,0
2025-01-21,test,0.4155,0,0
2025-01-21,test,0.491,0,0
2025-01-21,test,0.4736,0,0
2025-01-21,test,0.4663,0,0
2025-01-21,test,0.496,0,0
2025-01-21,test,0.556,1,0
2025-01-21,test,0.6016,1,0
2025-01-21,test,0.4407,0,0
2025-01-21,test,0.547,1,0
2025-01-21,test,0.4875,0,0
2025-01-17,test,0.5786,1,1
2025-01-17,test,0.6846,1,1
2025-01-17,test,0.4556,0,1
2025-01-17,test,0.4443,0,1
2025-01-17,test,0.4866,0,1
2025-01-17,test,0.6953,1,1
2025-01-17,test,0.668,1,1
2025-01-17,test,0.3674,0,1
2025-01-17,test,0.397,0,1
2025-01-17,test,0.4587,0,1
2025-01-17,test,0.474,0,1
2025-01-17,test,0.612,1,1
2025-01-17,test,0.4612,0,1
2025-01-17,test,0.601,1,1
2025-01-17,test,0.5244,1,1
2025-01-16,test,0.372,0,0
2025-01-16,test,0.4849,0,0
2025-01-16,test,0.3403,0,0
2025-01-16,test,0.604,1,0
2025-01-16,test,0.5723,1,0
2025-01-16,test,0.591,1,0
2025-01-16,test,0.3723,0,0
2025-01-16,test,0.5713,1,0
2025-01-15,test,0.3801,0,1
2025-01-15,test,0.411,0,1
2025-01-15,test,0.4387,0,1
2025-01-15,test,0.581,1,1
2025-01-15,test,0.5566,1,1
2025-01-15,test,0.614,1,1
2025-01-15,test,0.3252,0,1
2025-01-15,test,0.6504,1,1
2025-01-15,test,0.4822,0,1
2025-01-14,test,0.2866,0,0
2025-01-14,test,0.4758,0,0
2025-01-14,test,0.3525,0,0
2025-01-14,test,0.4148,0,0
2025-01-14,test,0.4385,0,0
2025-01-14,test,0.565,1,0
2025-01-14,test,0.5137,1,0
2025-01-14,test,0.602,1,0
2025-01-13,test,0.6353,1,1
2025-01-13,test,0.5425,1,1
2025-01-13,test,0.5073,1,1
2025-01-13,test,0.3606,0,1
2025-01-13,test,0.4124,0,1
2025-01-13,test,0.4976,0,1
2025-01-13,test,0.2512,0,1
2025-01-13,test,0.5273,1,1
2025-01-13,test,0.356,0,1
2025-01-13,test,0.4597,0,1
2025-01-13,test,0.4697,0,1
2025-01-13,test,0.6704,1,1
2025-01-13,test,0.4915,0,1
2025-01-13,test,0.4338,0,1
2025-01-13,test,0.465,0,1
2025-01-10,test,0.4026,0,0
2025-01-10,test,0.5723,1,0
2025-01-10,test,0.6733,1,0
2025-01-10,test,0.6475,1,0
2025-01-10,test,0.495,0,0
2025-01-10,test,0.697,1,0
2025-01-10,test,0.4688,0,0
2025-01-10,test,0.707,1,0
2025-01-10,test,0.565,1,0
2025-01-10,test,0.356,0,0
2025-01-10,test,0.581,1,0
2025-01-10,test,0.582,1,0
2025-01-10,test,0.4822,0,0
2025-01-10,test,0.6167,1,0
2025-01-10,test,0.593,1,0
2025-01-10,test,0.5522,1,0
2025-01-10,test,0.6606,1,0
2025-01-10,test,0.3052,0,0
2025-01-10,test,0.6045,1,0
2025-01-10,test,0.4263,0,0
2025-01-10,test,0.495,0,0
2025-01-10,test,0.5747,1,0
2025-01-10,test,0.596,1,0
2025-01-10,test,0.5103,1,0
2025-01-08,test,0.4028,0,1
2025-01-08,test,0.5527,1,1
2025-01-08,test,0.4905,0,1
2025-01-08,test,0.6475,1,1
2025-01-08,test,0.4858,0,1
2025-01-08,test,0.4392,0,1
2025-01-08,test,0.4915,0,1
2025-01-08,test,0.531,1,1
2025-01-08,test,0.5747,1,1
2025-01-08,test,0.3606,0,1
2025-01-08,test,0.606,1,1
2025-01-07,test,0.2411,0,0
2025-01-07,test,0.554,1,0
2025-01-07,test,0.463,0,0
2025-01-07,test,0.436,0,0
2025-01-07,test,0.5166,1,0
2025-01-07,test,0.5015,1,0
2025-01-07,test,0.6523,1,0
2025-01-07,test,0.4885,0,0
2025-01-07,test,0.395,0,0
2025-01-07,test,0.603,1,0
2025-01-07,test,0.4224,0,0
2025-01-07,test,0.571,1,0
2025-01-06,test,0.436,0,1
2025-01-06,test,0.533,1,1
2025-01-06,test,0.583,1,1
2025-01-06,test,0.3635,0,1
2025-01-06,test,0.4976,0,1
2025-01-06,test,0.3672,0,1
2025-01-06,test,0.576,1,1
2025-01-06,test,0.5005,1,1
2025-01-06,test,0.6665,1,1
2025-01-06,test,0.58,1,1
2025-01-03,test,0.619,1,1
2025-01-03,test,0.549,1,1
2025-01-03,test,0.4885,0,1
2025-01-03,test,0.518,1,1
2025-01-03,test,0.631,1,1
2025-01-03,test,0.7207,1,1
2025-01-03,test,0.4143,0,1
2025-01-02,test,0.5615,1,0
2025-01-02,test,0.4165,0,0
2025-01-02,test,0.582,1,0
2024-12-31,test,0.6,1,0
2024-12-31,test,0.4697,0,0
2024-12-31,test,0.4697,0,0
2024-12-31,test,0.612,1,0
2024-12-31,test,0.483,0,0
2024-12-31,test,0.4353,0,0
2024-12-31,test,0.507,1,0
2024-12-31,test,0.6523,1,0
2024-12-31,test,0.6304,1,0
2024-12-30,test,0.3716,0,0
2024-12-30,test,0.5107,1,0
2024-12-30,test,0.5933,1,0
2024-12-30,test,0.5894,1,0
2024-12-30,test,0.4731,0,0
2024-12-30,test,0.598,1,0
2024-12-27,test,0.63,1,0
2024-12-27,test,0.426,0,0
2024-12-27,test,0.4785,0,0
2024-12-27,test,0.6294,1,0
2024-12-27,test,0.5845,1,0
2024-12-26,test,0.5156,1,0
2024-12-26,test,0.4058,0,0
2024-12-26,test,0.277,0,0
2024-12-26,test,0.3826,0,0
2024-12-26,test,0.5767,1,0
2024-12-26,test,0.4236,0,0
2024-12-26,test,0.3843,0,0
2024-12-26,test,0.3367,0,0
2024-12-26,test,0.3433,0,0
2024-12-26,test,0.2134,0,0
2024-12-24,test,0.634,1,1
2024-12-24,test,0.4697,0,1
2024-12-24,test,0.3413,0,1
2024-12-24,test,0.5464,1,1
2024-12-24,test,0.6045,1,1
2024-12-24,test,0.4543,0,1
2024-12-24,test,0.4827,0,1
2024-12-24,test,0.6934,1,1
2024-12-24,test,0.531,1,1
2024-12-24,test,0.4905,0,1
2024-12-23,test,0.5234,1,1
2024-12-23,test,0.3591,0,1
2024-12-23,test,0.2886,0,1
2024-12-23,test,0.3977,0,1
2024-12-23,test,0.2954,0,1
2024-12-23,test,0.4136,0,1
2024-12-23,test,0.5444,1,1
2024-12-23,test,0.575,1,1
2024-12-23,test,0.2566,0,1
2024-12-23,test,0.4316,0,1
2024-12-23,test,0.438,0,1
2024-12-23,test,0.5894,1,1
2024-12-23,test,0.4507,0,1
2024-12-23,test,0.7227,1,1
2024-12-23,test,0.4639,0,1
2024-12-23,test,0.5854,1,1
2024-12-23,test,0.504,1,1
2024-12-20,test,0.6206,1,0
2024-12-20,test,0.4275,0,0
2024-12-20,test,0.531,1,0
2024-12-20,test,0.524,1,0
2024-12-20,test,0.521,1,0
2024-12-20,test,0.3376,0,0
2024-12-20,test,0.2253,0,0
2024-12-19,test,0.4482,0,0
2024-12-19,test,0.3647,0,0
2024-12-19,test,0.3337,0,0
2024-12-19,test,0.5054,1,0
2024-12-19,test,0.5645,1,0
2024-12-19,test,0.547,1,0
2024-12-19,test,0.6787,1,0
2024-12-19,test,0.505,1,0
2024-12-19,test,0.3796,0,0
2024-12-18,test,0.474,0,0
2024-12-18,test,0.6924,1,0
2024-12-18,test,0.6245,1,0
2024-12-18,test,0.56,1,0
2024-12-18,test,0.5635,1,0
2024-12-18,test,0.656,1,0
2024-12-18,test,0.519,1,0
2024-12-18,test,0.5034,1,0
2024-12-17,test,0.321,0,1
2024-12-17,test,0.376,0,1
2024-12-17,test,0.56,1,1
2024-12-17,test,0.6177,1,1
2024-12-17,test,0.3933,0,1
2024-12-17,test,0.498,0,1
2024-12-16,test,0.4941,0,1
2024-12-16,test,0.3257,0,1
2024-12-16,test,0.694,1,1
2024-12-16,test,0.335,0,1
2024-12-16,test,0.3716,0,1
2024-12-16,test,0.3862,0,1
2024-12-16,test,0.4204,0,1
2024-12-16,test,0.4546,0,1
2024-12-16,test,0.5166,1,1
2024-12-16,test,0.567,1,1
2024-12-16,test,0.559,1,1
2024-12-13,test,0.4587,0,1
2024-12-13,test,0.653,1,1
2024-12-13,test,0.4658,0,1
2024-12-13,test,0.5312,1,1
2024-12-13,test,0.7617,1,1
2024-12-13,test,0.7573,1,1
2024-12-13,test,0.609,1,1
2024-12-13,test,0.629,1,1
2024-12-13,test,0.5225,1,1
2024-12-13,test,0.431,0,1
2024-12-13,test,0.5615,1,1
2024-12-13,test,0.554,1,1
2024-12-13,test,0.61,1,1
2024-12-13,test,0.524,1,1
2024-12-12,test,0.6675,1,0
2024-12-12,test,0.352,0,0
2024-12-12,test,0.6,1,0
2024-12-12,test,0.4807,0,0
2024-12-11,test,0.4763,0,1
2024-12-11,test,0.4163,0,1
2024-12-11,test,0.392,0,1
2024-12-11,test,0.4866,0,1
2024-12-11,test,0.4016,0,1
2024-12-11,test,0.526,1,1
2024-12-11,test,0.4346,0,1
2024-12-11,test,0.614,1,1
2024-12-11,test,0.423,0,1
2024-12-11,test,0.6807,1,1
2024-12-11,test,0.5215,1,1
2024-12-11,test,0.6924,1,1
2024-12-10,test,0.6313,1,1
2024-12-10,test,0.4346,0,1
2024-12-10,test,0.7583,1,1
2024-12-10,test,0.4302,0,1
2024-12-10,test,0.551,1,1
2024-12-10,test,0.6274,1,1
2024-12-10,test,0.531,1,1
2024-12-10,test,0.5327,1,1
2024-12-09,test,0.4622,0,1
2024-12-09,test,0.7173,1,1
2024-12-09,test,0.3804,0,1
2024-12-09,test,0.5244,1,1
2024-12-09,test,0.4922,0,1
2024-12-09,test,0.4448,0,1
2024-12-09,test,0.446,0,1
2024-12-09,test,0.1991,0,1
2024-12-09,test,0.2332,0,1
2024-12-09,test,0.3896,0,1
2024-12-09,test,0.4905,0,1
2024-12-09,test,0.2947,0,1
2024-12-09,test,0.685,1,1
2024-12-09,test,0.5464,1,1
2024-12-06,test,0.6055,1,1
2024-12-06,test,0.356,0,1
2024-12-06,test,0.431,0,1
2024-12-06,test,0.435,0,1
2024-12-06,test,0.518,1,1
2024-12-06,test,0.5625,1,1
2024-12-06,test,0.4915,0,1
2024-12-06,test,0.498,0,1
2024-12-06,test,0.4097,0,1
2024-12-05,test,0.5103,1,1
2024-12-05,test,0.685,1,1
2024-12-05,test,0.4526,0,1
2024-12-05,test,0.4492,0,1
2024-12-05,test,0.5073,1,1
2024-12-04,test,0.5986,1,1
2024-12-04,test,0.296,0,1
2024-12-04,test,0.5044,1,1
2024-12-04,test,0.4849,0,1
2024-12-04,test,0.507,1,1
2024-12-03,test,0.3936,0,0
2024-12-03,test,0.457,0,0
2024-12-03,test,0.565,1,0
2024-12-03,test,0.577,1,0
2024-12-03,test,0.6313,1,0
2024-12-03,test,0.478,0,0
2024-12-03,test,0.557,1,0
2024-12-03,test,0.6665,1,0
2024-12-03,test,0.3398,0,0
2024-12-02,test,0.648,1,1
2024-12-02,test,0.658,1,1
2024-12-02,test,0.4941,0,1
2024-12-02,test,0.4844,0,1
2024-12-02,test,0.4922,0,1
2024-12-02,test,0.489,0,1
2024-12-02,test,0.5024,1,1
2024-12-02,test,0.4612,0,1
2024-12-02,test,0.3699,0,1
2024-12-02,test,0.5234,1,1
2024-12-02,test,0.4224,0,1
2024-12-02,test,0.5454,1,1
2024-12-02,test,0.5405,1,1
2024-12-02,test,0.543,1,1
2024-12-02,test,0.567,1,1
2024-12-02,test,0.484,0,1
2024-12-02,test,0.346,0,1
2024-12-02,test,0.4263,0,1
2024-11-29,test,0.539,1,1
2024-11-29,test,0.5293,1,1
2024-11-29,test,0.4915,0,1
2024-11-29,test,0.377,0,1
2024-11-29,test,0.518,1,1
2024-11-29,test,0.625,1,1
2024-11-29,test,0.3843,0,1
2024-11-29,test,0.282,0,1
2024-11-29,test,0.568,1,1
2024-11-29,test,0.492,0,1
2024-11-29,test,0.78,1,1
2024-11-27,test,0.4822,0,0
2024-11-27,test,0.6064,1,0
2024-11-27,test,0.5483,1,0
2024-11-27,test,0.5693,1,0
2024-11-27,test,0.4915,0,0
2024-11-27,test,0.5015,1,0
2024-11-27,test,0.483,0,0
2024-11-27,test,0.7607,1,0
2024-11-27,test,0.4353,0,0
2024-11-27,test,0.5493,1,0
2024-11-27,test,0.4617,0,0
2024-11-27,test,0.639,1,0
2024-11-27,test,0.4592,0,0
2024-11-27,test,0.582,1,0
2024-11-26,test,0.5864,1,0
2024-11-26,test,0.495,0,0
2024-11-26,test,0.569,1,0
2024-11-26,test,0.5103,1,0
2024-11-26,test,0.357,0,0
2024-11-26,test,0.458,0,0
2024-11-26,test,0.342,0,0
2024-11-26,test,0.483,0,0
2024-11-26,test,0.344,0,0
2024-11-26,test,0.4714,0,0
2024-11-26,test,0.626,1,0
2024-11-26,test,0.5596,1,0
2024-11-25,test,0.5493,1,0
2024-11-25,test,0.5205,1,0
2024-11-25,test,0.392,0,0
2024-11-25,test,0.352,0,0
2024-11-25,test,0.517,1,0
2024-11-25,test,0.3987,0,0
2024-11-25,test,0.5024,1,0
2024-11-25,test,0.498,0,0
2024-11-25,test,0.5327,1,0
2024-11-25,test,0.569,1,0
2024-11-25,test,0.5786,1,0
2024-11-25,test,0.603,1,0
2024-11-25,test,0.468,0,0
2024-11-25,test,0.438,0,0
2024-11-22,test,0.3987,0,1
2024-11-22,test,0.6865,1,1
2024-11-22,test,0.3315,0,1
2024-11-22,test,0.4905,0,1
2024-11-22,test,0.6064,1,1
2024-11-22,test,0.4546,0,1
2024-11-22,test,0.6157,1,1
2024-11-22,test,0.4995,0,1
2024-11-22,test,0.5737,1,1
2024-11-21,test,0.664,1,0
2024-11-21,test,0.5107,1,0
2024-11-21,test,0.3179,0,0
2024-11-21,test,0.438,0,0
2024-11-21,test,0.536,1,0
2024-11-21,test,0.4028,0,0
2024-11-21,test,0.615,1,0
2024-11-21,test,0.6523,1,0
2024-11-21,test,0.428,0,0
2024-11-21,test,0.4922,0,0
2024-11-21,test,0.4536,0,0
2024-11-21,test,0.527,1,0
2024-11-21,test,0.579,1,0
2024-11-21,test,0.4915,0,0
2024-11-21,test,0.618,1,0
2024-11-21,test,0.5303,1,0
2024-11-20,test,0.64,1,0
2024-11-20,test,0.557,1,0
2024-11-20,test,0.526,1,0
2024-11-20,test,0.3909,0,0
2024-11-20,test,0.4604,0,0
2024-11-20,test,0.5415,1,0
2024-11-20,test,0.5054,1,0
2024-11-20,test,0.4153,0,0
2024-11-20,test,0.507,1,0
2024-11-20,test,0.2142,0,0
2024-11-20,test,0.3804,0,0
2024-11-20,test,0.5537,1,0
2024-11-19,test,0.4875,0,1
2024-11-19,test,0.653,1,1
2024-11-19,test,0.5107,1,1
2024-11-19,test,0.574,1,1
2024-11-19,test,0.5117,1,1
2024-11-19,test,0.566,1,1
2024-11-19,test,0.474,0,1
2024-11-19,test,0.4163,0,1
2024-11-19,test,0.4895,0,1
2024-11-19,test,0.5454,1,1
2024-11-18,test,0.4604,0,1
2024-11-18,test,0.5474,1,1
2024-11-18,test,0.4143,0,1
2024-11-18,test,0.433,0,1
2024-11-18,test,0.491,0,1
2024-11-18,test,0.4163,0,1
2024-11-18,test,0.5337,1,1
2024-11-18,test,0.484,0,1
2024-11-18,test,0.6514,1,1
2024-11-18,test,0.595,1,1
2024-11-18,test,0.4556,0,1
2024-11-18,test,0.3125,0,1
2024-11-18,test,0.5024,1,1
2024-11-18,test,0.3982,0,1
2024-11-18,test,0.4275,0,1
2024-11-18,test,0.609,1,1
2024-11-18,test,0.3755,0,1
2024-11-18,test,0.4668,0,1
2024-11-18,test,0.544,1,1
2024-11-18,test,0.2173,0,1
2024-11-18,test,0.464,0,1
2024-11-15,test,0.3945,0,1
2024-11-15,test,0.4155,0,1
2024-11-15,test,0.5146,1,1
2024-11-15,test,0.618,1,1
2024-11-15,test,0.4812,0,1
2024-11-15,test,0.355,0,1
2024-11-15,test,0.5273,1,1
2024-11-15,test,0.4849,0,1
2024-11-15,test,0.6426,1,1
2024-11-15,test,0.3113,0,1
2024-11-15,test,0.6353,1,1
2024-11-15,test,0.603,1,1
2024-11-14,test,0.374,0,0
2024-11-14,test,0.5264,1,0
2024-11-14,test,0.4375,0,0
2024-11-14,test,0.2979,0,0
2024-11-14,test,0.567,1,0
2024-11-14,test,0.6,1,0
2024-11-14,test,0.528,1,0
2024-11-14,test,0.587,1,0
2024-11-14,test,0.526,1,0
2024-11-14,test,0.51,1,0
2024-11-13,test,0.4875,0,1
2024-11-13,test,0.594,1,1
2024-11-13,test,0.5767,1,1
2024-11-13,test,0.6147,1,1
2024-11-13,test,0.495,0,1
2024-11-13,test,0.4932,0,1
2024-11-13,test,0.7974,1,1
2024-11-13,test,0.4436,0,1
2024-11-13,test,0.3376,0,1
2024-11-13,test,0.3242,0,1
2024-11-12,test,0.4402,0,0
2024-11-12,test,0.3977,0,0
2024-11-12,test,0.519,1,0
2024-11-12,test,0.533,1,0
2024-11-12,test,0.5947,1,0
2024-11-12,test,0.4714,0,0
2024-11-11,test,0.4707,0,1
2024-11-11,test,0.4163,0,1
2024-11-11,test,0.5015,1,1
2024-11-11,test,0.498,0,1
2024-11-11,test,0.3984,0,1
2024-11-11,test,0.2769,0,1
2024-11-11,test,0.5405,1,1
2024-11-11,test,0.528,1,1
2024-11-11,test,0.538,1,1
2024-11-11,test,0.287,0,1
2024-11-11,test,0.4646,0,1
2024-11-11,test,0.739,1,1
2024-11-11,test,0.607,1,1
2024-11-11,test,0.3733,0,1
2024-11-11,test,0.627,1,1
2024-11-11,test,0.687,1,1
2024-11-11,test,0.4246,0,1
2024-11-11,test,0.583,1,1
2024-11-11,test,0.513,1,1
2024-11-08,test,0.3357,0,1
2024-11-08,test,0.53,1,1
2024-11-08,test,0.5684,1,1
2024-11-08,test,0.6895,1,1
2024-11-08,test,0.4453,0,1
2024-11-08,test,0.548,1,1
2024-11-08,test,0.4827,0,1
2024-11-08,test,0.3945,0,1
2024-11-08,test,0.4421,0,1
2024-11-08,test,0.4329,0,1
2024-11-08,test,0.5986,1,1
2024-11-08,test,0.4116,0,1
2024-11-07,test,0.4292,0,1
2024-11-07,test,0.5444,1,1
2024-11-07,test,0.457,0,1
2024-11-07,test,0.7026,1,1
2024-11-07,test,0.335,0,1
2024-11-07,test,0.488,0,1
2024-11-07,test,0.5474,1,1
2024-11-07,test,0.4556,0,1
2024-11-07,test,0.4785,0,1
2024-11-07,test,0.4531,0,1
2024-11-06,test,0.5156,1,1
2024-11-06,test,0.71,1,1
2024-11-06,test,0.51,1,1
2024-11-06,test,0.6123,1,1
2024-11-06,test,0.464,0,1
2024-11-06,test,0.3616,0,1
2024-11-06,test,0.6436,1,1
2024-11-06,test,0.5176,1,1
2024-11-05,test,0.5635,1,1
2024-11-05,test,0.4514,0,1
2024-11-05,test,0.5103,1,1
2024-11-05,test,0.411,0,1
2024-11-05,test,0.501,1,1
2024-11-05,test,0.5513,1,1
2024-11-05,test,0.4724,0,1
2024-11-05,test,0.392,0,1
2024-11-05,test,0.56,1,1
2024-11-05,test,0.431,0,1
2024-11-05,test,0.467,0,1
2024-11-05,test,0.557,1,1
2024-11-05,test,0.5767,1,1
2024-11-05,test,0.6045,1,1
2024-11-05,test,0.4785,0,1
2024-11-05,test,0.4136,0,1
2024-11-04,test,0.4294,0,0
2024-11-04,test,0.6606,1,0
2024-11-04,test,0.3894,0,0
2024-11-04,test,0.5044,1,0
2024-11-04,test,0.633,1,0
2024-11-04,test,0.65,1,0
2024-11-04,test,0.3892,0,0
2024-11-04,test,0.457,0,0
2024-11-04,test,0.519,1,0
2024-11-04,test,0.304,0,0
2024-11-04,test,0.3032,0,0
2024-11-04,test,0.4182,0,0
2024-11-04,test,0.41,0,0
2024-11-04,test,0.4775,0,0
2024-11-04,test,0.3965,0,0
2024-11-01,test,0.5386,1,0
2024-11-01,test,0.4875,0,0
2024-11-01,test,0.477,0,0
2024-11-01,test,0.4143,0,0
2024-11-01,test,0.6274,1,0
2024-11-01,test,0.457,0,0
2024-11-01,test,0.529,1,0
2024-11-01,test,0.5723,1,0
2024-11-01,test,0.5293,1,0
2024-11-01,test,0.516,1,0
2024-11-01,test,0.581,1,0
2024-11-01,test,0.5786,1,0
2024-11-01,test,0.2615,0,0
2024-11-01,test,0.4236,0,0
2024-11-01,test,0.4546,0,0
2024-11-01,test,0.457,0,0
2024-11-01,test,0.479,0,0
2024-11-01,test,0.569,1,0
2024-11-01,test,0.55,1,0
2024-10-31,test,0.4849,0,0
2024-10-31,test,0.1869,0,0
2024-10-31,test,0.5137,1,0
2024-10-31,test,0.403,0,0
2024-10-31,test,0.4358,0,0
2024-10-31,test,0.3643,0,0
2024-10-31,test,0.428,0,0
2024-10-31,test,0.6216,1,0
2024-10-31,test,0.4373,0,0
2024-10-30,test,0.729,1,0
2024-10-30,test,0.4194,0,0
2024-10-30,test,0.4387,0,0
2024-10-30,test,0.483,0,0
2024-10-30,test,0.3684,0,0
2024-10-30,test,0.4392,0,0
2024-10-30,test,0.507,1,0
2024-10-30,test,0.2834,0,0
2024-10-30,test,0.4731,0,0
2024-10-30,test,0.484,0,0
2024-10-29,test,0.4822,0,0
2024-10-29,test,0.4922,0,0
2024-10-29,test,0.556,1,0
2024-10-29,test,0.587,1,0
2024-10-29,test,0.5186,1,0
2024-10-29,test,0.638,1,0
2024-10-29,test,0.426,0,0
2024-10-29,test,0.4128,0,0
2024-10-29,test,0.529,1,0
2024-10-29,test,0.7427,1,0
2024-10-29,test,0.5874,1,0
2024-10-28,test,0.601,1,0
2024-10-28,test,0.4875,0,0
2024-10-28,test,0.582,1,0
2024-10-28,test,0.4966,0,0
2024-10-28,test,0.4468,0,0
2024-10-28,test,0.5137,1,0
2024-10-28,test,0.2285,0,0
2024-10-28,test,0.609,1,0
2024-10-28,test,0.56,1,0
2024-10-28,test,0.625,1,0
2024-10-28,test,0.4905,0,0
2024-10-28,test,0.4375,0,0
2024-10-28,test,0.4358,0,0
2024-10-28,test,0.3376,0,0
2024-10-28,test,0.6177,1,0
2024-10-28,test,0.4246,0,0
2024-10-28,test,0.3716,0,0
2024-10-28,test,0.504,1,0
2024-10-28,test,0.5635,1,0
2024-10-28,test,0.4587,0,0
2024-10-28,test,0.649,1,0
2024-10-28,test,0.517,1,0
2024-10-28,test,0.6025,1,0
2024-10-25,test,0.5713,1,1
2024-10-25,test,0.348,0,1
2024-10-25,test,0.6196,1,1
2024-10-25,test,0.5146,1,1
2024-10-25,test,0.592,1,1
2024-10-25,test,0.3506,0,1
2024-10-25,test,0.4597,0,1
2024-10-25,test,0.623,1,1
2024-10-25,test,0.3833,0,1
2024-10-24,test,0.535,1,1
2024-10-24,test,0.5537,1,1
2024-10-24,test,0.6167,1,1
2024-10-24,test,0.5977,1,1
2024-10-24,test,0.4707,0,1
2024-10-24,test,0.4758,0,1
2024-10-24,test,0.5537,1,1
2024-10-24,test,0.3418,0,1
2024-10-24,test,0.5493,1,1
2024-10-24,test,0.472,0,1
2024-10-24,test,0.3809,0,1
2024-10-24,test,0.3691,0,1
2024-10-24,test,0.2452,0,1
2024-10-24,test,0.5034,1,1
2024-10-24,test,0.5454,1,1
2024-10-24,test,0.5244,1,1
2024-10-24,test,0.6978,1,1
2024-10-24,test,0.495,0,1
2024-10-23,test,0.5264,1,0
2024-10-23,test,0.3564,0,0
2024-10-23,test,0.5635,1,0
2024-10-23,test,0.6265,1,0
2024-10-23,test,0.5376,1,0
2024-10-23,test,0.5244,1,0
2024-10-23,test,0.4927,0,0
2024-10-23,test,0.5723,1,0
2024-10-23,test,0.419,0,0
2024-10-23,test,0.4697,0,0
2024-10-23,test,0.4307,0,0
2024-10-22,test,0.585,1,0
2024-10-22,test,0.5176,1,0
2024-10-22,test,0.531,1,0
2024-10-22,test,0.764,1,0
2024-10-22,test,0.4895,0,0
2024-10-22,test,0.53,1,0
2024-10-22,test,0.551,1,0
2024-10-22,test,0.5767,1,0
2024-10-21,test,0.2646,0,0
2024-10-21,test,0.4124,0,0
2024-10-21,test,0.5405,1,0
2024-10-21,test,0.353,0,0
2024-10-21,test,0.7305,1,0
2024-10-21,test,0.4294,0,0
2024-10-21,test,0.4758,0,0
2024-10-21,test,0.5923,1,0
2024-10-21,test,0.723,1,0
2024-10-21,test,0.3347,0,0
2024-10-21,test,0.693,1,0
2024-10-21,test,0.581,1,0
2024-10-21,test,0.584,1,0
2024-10-21,test,0.467,0,0
2024-10-21,test,0.4092,0,0
2024-10-21,test,0.6187,1,0
2024-10-21,test,0.3413,0,0
2024-10-21,test,0.5903,1,0
2024-10-21,test,0.523,1,0
2024-10-21,test,0.404,0,0
2024-10-21,test,0.584,1,0
2024-10-18,test,0.672,1,0
2024-10-18,test,0.4558,0,0
2024-10-18,test,0.4285,0,0
2024-10-18,test,0.4749,0,0
2024-10-18,test,0.446,0,0
2024-10-18,test,0.4197,0,0
2024-10-18,test,0.326,0,0
2024-10-18,test,0.577,1,0
2024-10-17,test,0.495,0,0
2024-10-17,test,0.37,0,0
2024-10-17,test,0.5205,1,0
2024-10-17,test,0.5103,1,0
2024-10-17,test,0.467,0,0
2024-10-17,test,0.5103,1,0
2024-10-17,test,0.568,1,0
2024-10-17,test,0.53,1,0
2024-10-17,test,0.599,1,0
2024-10-16,test,0.3047,0,1
2024-10-16,test,0.51,1,1
2024-10-16,test,0.629,1,1
2024-10-16,test,0.403,0,1
2024-10-16,test,0.303,0,1
2024-10-16,test,0.3655,0,1
2024-10-16,test,0.4414,0,1
2024-10-16,test,0.4697,0,1
2024-10-15,test,0.3667,0,1
2024-10-15,test,0.6406,1,1
2024-10-15,test,0.624,1,1
2024-10-15,test,0.4197,0,1
2024-10-15,test,0.607,1,1
2024-10-15,test,0.3376,0,1
2024-10-15,test,0.64,1,1
2024-10-15,test,0.611,1,1
2024-10-14,test,0.411,0,1
2024-10-14,test,0.392,0,1
2024-10-14,test,0.436,0,1
2024-10-14,test,0.5806,1,1
2024-10-14,test,0.3354,0,1
2024-10-14,test,0.32,0,1
2024-10-14,test,0.5513,1,1
2024-10-14,test,0.4514,0,1
2024-10-14,test,0.5522,1,1
2024-10-14,test,0.532,1,1
2024-10-14,test,0.5737,1,1
2024-10-14,test,0.2695,0,1
2024-10-14,test,0.5645,1,1
2024-10-11,test,0.6216,1,0
2024-10-11,test,0.519,1,0
2024-10-11,test,0.4768,0,0
2024-10-11,test,0.5107,1,0
2024-10-11,test,0.5425,1,0
2024-10-11,test,0.542,1,0
2024-10-11,test,0.4531,0,0
2024-10-11,test,0.5,1,0
2024-10-11,test,0.4639,0,0
2024-10-10,test,0.4866,0,0
2024-10-10,test,0.4875,0,0
2024-10-10,test,0.5083,1,0
2024-10-10,test,0.4353,0,0
2024-10-10,test,0.5977,1,0
2024-10-10,test,0.806,1,0
2024-10-10,test,0.5107,1,0
2024-10-10,test,0.5825,1,0
2024-10-10,test,0.5137,1,0
2024-10-10,test,0.592,1,0
2024-10-09,test,0.643,1,0
2024-10-09,test,0.4316,0,0
2024-10-09,test,0.5996,1,0
2024-10-09,test,0.4294,0,0
2024-10-09,test,0.5684,1,0
2024-10-09,test,0.4148,0,0
2024-10-09,test,0.525,1,0
2024-10-08,test,0.6274,1,1
2024-10-08,test,0.6733,1,1
2024-10-08,test,0.757,1,1
2024-10-08,test,0.496,0,1
2024-10-08,test,0.744,1,1
2024-10-08,test,0.7466,1,1
2024-10-08,test,0.67,1,1
2024-10-08,test,0.54,1,1
2024-10-08,test,0.633,1,1
2024-10-08,test,0.569,1,1
2024-10-08,test,0.5454,1,1
2024-10-08,test,0.5127,1,1
2024-10-07,test,0.543,1,0
2024-10-07,test,0.3826,0,0
2024-10-07,test,0.363,0,0
2024-10-07,test,0.5015,1,0
2024-10-07,test,0.588,1,0
2024-10-07,test,0.4045,0,0
2024-10-07,test,0.5464,1,0
2024-10-07,test,0.3606,0,0
2024-10-04,test,0.3694,0,1
2024-10-04,test,0.4275,0,1
2024-10-04,test,0.513,1,1
2024-10-04,test,0.4775,0,1
2024-10-04,test,0.566,1,1
2024-10-04,test,0.558,1,1
2024-10-04,test,0.4136,0,1
2024-10-04,test,0.4128,0,1
2024-10-04,test,0.4688,0,1
2024-10-04,test,0.5693,1,1
2024-10-03,test,0.6367,1,0
2024-10-03,test,0.3833,0,0
2024-10-03,test,0.6274,1,0
2024-10-03,test,0.6597,1,0
2024-10-03,test,0.5215,1,0
2024-10-02,test,0.499,0,0
2024-10-02,test,0.4563,0,0
2024-10-02,test,0.3245,0,0
2024-10-02,test,0.5166,1,0
2024-10-02,test,0.3625,0,0
2024-10-02,test,0.3115,0,0
2024-10-02,test,0.529,1,0
2024-10-02,test,0.5327,1,0
2024-10-02,test,0.5547,1,0
2024-10-02,test,0.5557,1,0
2024-10-01,test,0.3271,0,0
2024-10-01,test,0.3765,0,0
2024-10-01,test,0.49,0,0
2024-10-01,test,0.3518,0,0
2024-10-01,test,0.3018,0,0
2024-10-01,test,0.5713,1,0
2024-10-01,test,0.5146,1,0
2024-10-01,test,0.541,1,0
2024-10-01,test,0.634,1,0
2024-10-01,test,0.72,1,0
2024-09-30,test,0.58,1,1
2024-09-30,test,0.3274,0,1
2024-09-30,test,0.4177,0,1
2024-09-30,test,0.49,0,1
2024-09-30,test,0.4294,0,1
2024-09-30,test,0.3657,0,1
2024-09-30,test,0.3555,0,1
2024-09-30,test,0.6123,1,1
2024-09-30,test,0.3132,0,1
2024-09-30,test,0.6333,1,1
2024-09-30,test,0.4802,0,1
2024-09-27,test,0.4849,0,1
2024-09-27,test,0.4014,0,1
2024-09-27,test,0.526,1,1
2024-09-27,test,0.593,1,1
2024-09-27,test,0.3606,0,1
2024-09-27,test,0.506,1,1
2024-09-27,test,0.4617,0,1
2024-09-27,test,0.2471,0,1
2024-09-27,test,0.545,1,1
2024-09-27,test,0.578,1,1
2024-09-27,test,0.574,1,1
2024-09-26,test,0.5425,1,0
2024-09-26,test,0.3862,0,0
2024-09-26,test,0.565,1,0
2024-09-26,test,0.4294,0,0
2024-09-26,test,0.581,1,0
2024-09-26,test,0.416,0,0
2024-09-26,test,0.4155,0,0
2024-09-26,test,0.4092,0,0
2024-09-26,test,0.6987,1,0
2024-09-26,test,0.5615,1,0
2024-09-26,test,0.609,1,0
2024-09-26,test,0.5776,1,0
2024-09-25,test,0.645,1,1
2024-09-25,test,0.457,0,1
2024-09-25,test,0.4353,0,1
2024-09-25,test,0.372,0,1
2024-09-25,test,0.5835,1,1
2024-09-25,test,0.595,1,1
2024-09-25,test,0.5933,1,1
2024-09-25,test,0.4875,0,1
2024-09-25,test,0.6035,1,1
2024-09-25,test,0.468,0,1
2024-09-24,test,0.3738,0,1
2024-09-24,test,0.2812,0,1
2024-09-24,test,0.575,1,1
2024-09-24,test,0.63,1,1
2024-09-24,test,0.606,1,1
2024-09-24,test,0.3892,0,1
2024-09-24,test,0.614,1,1
2024-09-23,test,0.4663,0,1
2024-09-23,test,0.6274,1,1
2024-09-23,test,0.4915,0,1
2024-09-23,test,0.3535,0,1
2024-09-23,test,0.5425,1,1
2024-09-23,test,0.3838,0,1
2024-09-23,test,0.5537,1,1
2024-09-23,test,0.5054,1,1
2024-09-23,test,0.31,0,1
2024-09-23,test,0.558,1,1
2024-09-23,test,0.5117,1,1
2024-09-23,test,0.3994,0,1
2024-09-23,test,0.4707,0,1
2024-09-23,test,0.529,1,1
2024-09-23,test,0.574,1,1
2024-09-20,test,0.438,0,0
2024-09-20,test,0.474,0,0
2024-09-20,test,0.4507,0,0
2024-09-20,test,0.4246,0,0
2024-09-20,test,0.6104,1,0
2024-09-20,test,0.5137,1,0
2024-09-20,test,0.525,1,0
2024-09-20,test,0.6733,1,0
2024-09-19,test,0.658,1,1
2024-09-19,test,0.5723,1,1
2024-09-19,test,0.586,1,1
2024-09-19,test,0.5493,1,1
2024-09-19,test,0.5146,1,1
2024-09-18,test,0.5005,1,0
2024-09-18,test,0.7236,1,0
2024-09-18,test,0.4436,0,0
2024-09-18,test,0.407,0,0
2024-09-18,test,0.5405,1,0
2024-09-18,test,0.5337,1,0
2024-09-18,test,0.5996,1,0
2024-09-18,test,0.5435,1,0
2024-09-18,test,0.3374,0,0
2024-09-18,test,0.518,1,0
2024-09-18,test,0.6997,1,0
2024-09-18,test,0.527,1,0
2024-09-18,test,0.3142,0,0
2024-09-17,test,0.4827,0,1
2024-09-17,test,0.6685,1,1
2024-09-17,test,0.4539,0,1
2024-09-17,test,0.5317,1,1
2024-09-17,test,0.541,1,1
2024-09-16,test,0.468,0,0
2024-09-16,test,0.474,0,0
2024-09-16,test,0.2476,0,0
2024-09-16,test,0.351,0,0
2024-09-16,test,0.5513,1,0
2024-09-16,test,0.3726,0,0
2024-09-16,test,0.541,1,0
2024-09-16,test,0.648,1,0
2024-09-16,test,0.581,1,0
2024-09-16,test,0.4646,0,0
2024-09-16,test,0.6235,1,0
2024-09-16,test,0.3289,0,0
2024-09-13,test,0.6196,1,1
2024-09-13,test,0.369,0,1
2024-09-13,test,0.529,1,1
2024-09-13,test,0.2827,0,1
2024-09-13,test,0.271,0,1
2024-09-13,test,0.5,1,1
2024-09-13,test,0.426,0,1
2024-09-13,test,0.5435,1,1
2024-09-12,test,0.51,1,1
2024-09-12,test,0.542,1,1
2024-09-12,test,0.457,0,1
2024-09-12,test,0.5244,1,1
2024-09-12,test,0.3804,0,1
2024-09-12,test,0.5483,1,1
2024-09-12,test,0.5845,1,1
2024-09-12,test,0.5215,1,1
2024-09-11,test,0.573,1,1
2024-09-11,test,0.4922,0,1
2024-09-11,test,0.358,0,1
2024-09-11,test,0.4429,0,1
2024-09-11,test,0.423,0,1
2024-09-11,test,0.4915,0,1
2024-09-11,test,0.5776,1,1
2024-09-11,test,0.504,1,1
2024-09-11,test,0.3994,0,1
2024-09-11,test,0.571,1,1
2024-09-11,test,0.5615,1,1
2024-09-11,test,0.689,1,1
2024-09-11,test,0.4353,0,1
2024-09-11,test,0.4556,0,1
2024-09-11,test,0.3877,0,1
2024-09-10,test,0.727,1,1
2024-09-10,test,0.4543,0,1
2024-09-10,test,0.382,0,1
2024-09-10,test,0.6455,1,1
2024-09-10,test,0.3193,0,1
2024-09-09,test,0.492,0,1
2024-09-09,test,0.4692,0,1
2024-09-09,test,0.3232,0,1
2024-09-09,test,0.426,0,1
2024-09-09,test,0.582,1,1
2024-09-09,test,0.579,1,1
2024-09-09,test,0.4746,0,1
2024-09-09,test,0.545,1,1
2024-09-09,test,0.3914,0,1
2024-09-09,test,0.5767,1,1
2024-09-09,test,0.428,0,1
2024-09-09,test,0.512,1,1
2024-09-09,test,0.5234,1,1
2024-09-09,test,0.558,1,1
2024-09-06,test,0.484,0,0
2024-09-06,test,0.4116,0,0
2024-09-06,test,0.4102,0,0
2024-09-06,test,0.2756,0,0
2024-09-06,test,0.612,1,0
2024-09-06,test,0.6475,1,0
2024-09-06,test,0.695,1,0
2024-09-06,test,0.4866,0,0
2024-09-06,test,0.4385,0,0
2024-09-06,test,0.5366,1,0
2024-09-06,test,0.395,0,0
2024-09-06,test,0.3613,0,0
2024-09-06,test,0.558,1,0
2024-09-06,test,0.65,1,0
2024-09-06,test,0.6445,1,0
2024-09-06,test,0.3823,0,0
2024-09-06,test,0.4556,0,0
2024-09-06,test,0.478,0,0
2024-09-06,test,0.6157,1,0
2024-09-05,test,0.458,0,1
2024-09-05,test,0.6123,1,1
2024-09-05,test,0.542,1,1
2024-09-05,test,0.4111,0,1
2024-09-05,test,0.619,1,1
2024-09-05,test,0.518,1,1
2024-09-05,test,0.4956,0,1
2024-09-05,test,0.362,0,1
2024-09-05,test,0.5513,1,1
2024-09-05,test,0.3086,0,1
2024-09-05,test,0.601,1,1
2024-09-05,test,0.7607,1,1
2024-09-05,test,0.4922,0,1
2024-09-05,test,0.4346,0,1
2024-09-04,test,0.569,1,1
2024-09-04,test,0.4587,0,1
2024-09-04,test,0.564,1,1
2024-09-04,test,0.576,1,1
2024-09-04,test,0.4468,0,1
2024-09-04,test,0.3608,0,1
2024-09-04,test,0.54,1,1
2024-09-04,test,0.483,0,1
2024-09-04,test,0.526,1,1
2024-09-04,test,0.497,0,1
2024-09-04,test,0.4177,0,1
2024-09-04,test,0.722,1,1
2024-09-03,test,0.5513,1,0
2024-09-03,test,0.4915,0,0
2024-09-03,test,0.4922,0,0
2024-09-03,test,0.446,0,0
2024-09-03,test,0.6196,1,0
2024-09-03,test,0.513,1,0
2024-09-03,test,0.599,1,0
2024-09-03,test,0.295,0,0
2024-09-03,test,0.3657,0,0
2024-09-03,test,0.4539,0,0
2024-09-03,test,0.3206,0,0
2024-09-03,test,0.2974,0,0
2024-08-30,test,0.6816,1,1
2024-08-30,test,0.4045,0,1
2024-08-30,test,0.4385,0,1
2024-08-30,test,0.581,1,1
2024-08-30,test,0.4514,0,1
2024-08-30,test,0.3926,0,1
2024-08-30,test,0.4143,0,1
2024-08-30,test,0.5522,1,1
2024-08-30,test,0.644,1,1
2024-08-29,test,0.417,0,1
2024-08-29,test,0.461,0,1
2024-08-29,test,0.457,0,1
2024-08-29,test,0.3945,0,1
2024-08-29,test,0.6323,1,1
2024-08-29,test,0.6123,1,1
2024-08-29,test,0.458,0,1
2024-08-29,test,0.548,1,1
2024-08-29,test,0.492,0,1
2024-08-29,test,0.573,1,1
2024-08-28,test,0.5522,1,0
2024-08-28,test,0.3208,0,0
2024-08-28,test,0.369,0,0
2024-08-28,test,0.5264,1,0
2024-08-28,test,0.4546,0,0
2024-08-28,test,0.515,1,0
2024-08-27,test,0.468,0,0
2024-08-27,test,0.4768,0,0
2024-08-27,test,0.3591,0,0
2024-08-27,test,0.2998,0,0
2024-08-27,test,0.5444,1,0
2024-08-27,test,0.4563,0,0
2024-08-27,test,0.5044,1,0
2024-08-26,test,0.5493,1,0
2024-08-26,test,0.3657,0,0
2024-08-26,test,0.575,1,0
2024-08-26,test,0.3777,0,0
2024-08-26,test,0.36,0,0
2024-08-26,test,0.5156,1,0
2024-08-26,test,0.521,1,0
2024-08-26,test,0.5317,1,0
2024-08-26,test,0.474,0,0
2024-08-26,test,0.4502,0,0
2024-08-26,test,0.4775,0,0
2024-08-23,test,0.4895,0,1
2024-08-23,test,0.6035,1,1
2024-08-23,test,0.461,0,1
2024-08-23,test,0.4915,0,1
2024-08-23,test,0.4285,0,1
2024-08-23,test,0.548,1,1
2024-08-23,test,0.5093,1,1
2024-08-23,test,0.6313,1,1
2024-08-23,test,0.673,1,1
2024-08-22,test,0.4849,0,0
2024-08-22,test,0.505,1,0
2024-08-22,test,0.4763,0,0
2024-08-22,test,0.7793,1,0
2024-08-22,test,0.566,1,0
2024-08-22,test,0.4163,0,0
2024-08-22,test,0.4421,0,0
2024-08-22,test,0.5234,1,0
2024-08-21,test,0.609,1,1
2024-08-21,test,0.5815,1,1
2024-08-21,test,0.4854,0,1
2024-08-21,test,0.44,0,1
2024-08-21,test,0.5645,1,1
2024-08-21,test,0.3074,0,1
2024-08-21,test,0.5728,1,1
2024-08-21,test,0.6455,1,1
2024-08-21,test,0.5425,1,1
2024-08-21,test,0.4407,0,1
2024-08-20,test,0.4612,0,0
2024-08-20,test,0.5063,1,0
2024-08-20,test,0.6016,1,0
2024-08-20,test,0.3738,0,0
2024-08-20,test,0.505,1,0
2024-08-20,test,0.3884,0,0
2024-08-20,test,0.554,1,0
2024-08-20,test,0.495,0,0
2024-08-20,test,0.3545,0,0
2024-08-19,test,0.4932,0,1
2024-08-19,test,0.4795,0,1
2024-08-19,test,0.501,1,1
2024-08-19,test,0.4443,0,1
2024-08-19,test,0.562,1,1
2024-08-19,test,0.4263,0,1
2024-08-19,test,0.6523,1,1
2024-08-19,test,0.468,0,1
2024-08-19,test,0.558,1,1
2024-08-19,test,0.5044,1,1
2024-08-19,test,0.3757,0,1
2024-08-19,test,0.3171,0,1
2024-08-19,test,0.4646,0,1
2024-08-19,test,0.3894,0,1
2024-08-19,test,0.586,1,1
2024-08-19,test,0.7134,1,1
2024-08-19,test,0.4697,0,1
2024-08-19,test,0.596,1,1
2024-08-16,test,0.5576,1,1
2024-08-16,test,0.4177,0,1
2024-08-16,test,0.683,1,1
2024-08-16,test,0.4524,0,1
2024-08-16,test,0.559,1,1
2024-08-16,test,0.4072,0,1
2024-08-16,test,0.426,0,1
2024-08-16,test,0.3743,0,1
2024-08-15,test,0.509,1,1
2024-08-15,test,0.565,1,1
2024-08-15,test,0.608,1,1
2024-08-15,test,0.4612,0,1
2024-08-15,test,0.55,1,1
2024-08-15,test,0.547,1,1
2024-08-15,test,0.4038,0,1
2024-08-15,test,0.4014,0,1
2024-08-15,test,0.614,1,1
2024-08-15,test,0.5566,1,1
2024-08-15,test,0.623,1,1
2024-08-14,test,0.3606,0,0
2024-08-14,test,0.535,1,0
2024-08-14,test,0.54,1,0
2024-08-14,test,0.5576,1,0
2024-08-14,test,0.5605,1,0
2024-08-14,test,0.5283,1,0
2024-08-14,test,0.73,1,0
2024-08-14,test,0.4995,0,0
2024-08-14,test,0.5977,1,0
2024-08-13,test,0.322,0,1
2024-08-13,test,0.565,1,1
2024-08-13,test,0.5977,1,1
2024-08-13,test,0.4905,0,1
2024-08-13,test,0.4795,0,1
2024-08-13,test,0.5073,1,1
2024-08-13,test,0.2795,0,1
2024-08-12,test,0.3127,0,0
2024-08-12,test,0.4768,0,0
2024-08-12,test,0.566,1,0
2024-08-12,test,0.51,1,0
2024-08-12,test,0.403,0,0
2024-08-12,test,0.4338,0,0
2024-08-12,test,0.3062,0,0
2024-08-12,test,0.4482,0,0
2024-08-12,test,0.5024,1,0
2024-08-12,test,0.3218,0,0
2024-08-12,test,0.657,1,0
2024-08-12,test,0.4941,0,0
2024-08-09,test,0.495,0,1
2024-08-08,test,0.514,1,1
2024-08-08,test,0.5146,1,1
2024-08-08,test,0.458,0,1
2024-08-08,test,0.4849,0,1
2024-08-08,test,0.4895,0,1
2024-08-08,test,0.6177,1,1
2024-08-08,test,0.592,1,1
2024-08-07,test,0.516,1,0
2024-08-07,test,0.4314,0,0
2024-08-07,test,0.63,1,0
2024-08-07,test,0.5977,1,0
2024-08-07,test,0.5625,1,0
2024-08-07,test,0.6094,1,0
2024-08-07,test,0.5454,1,0
2024-08-07,test,0.433,0,0
2024-08-07,test,0.6514,1,0
2024-08-06,test,0.4822,0,1
2024-08-06,test,0.5093,1,1
2024-08-06,test,0.522,1,1
2024-08-06,test,0.5117,1,1
2024-08-06,test,0.5728,1,1
2024-08-06,test,0.3496,0,1
2024-08-06,test,0.5996,1,1
2024-08-05,test,0.615,1,0
2024-08-05,test,0.5713,1,0
2024-08-05,test,0.4429,0,0
2024-08-05,test,0.4563,0,0
2024-08-05,test,0.351,0,0
2024-08-05,test,0.582,1,0
2024-08-05,test,0.345,0,0
2024-08-05,test,0.558,1,0
2024-08-05,test,0.3152,0,0
2024-08-05,test,0.44,0,0
2024-08-05,test,0.4375,0,0
2024-08-05,test,0.58,1,0
2024-08-05,test,0.4604,0,0
2024-08-05,test,0.501,1,0
2024-08-05,test,0.4124,0,0
2024-08-02,test,0.4468,0,0
2024-08-02,test,0.376,0,0
2024-08-02,test,0.4646,0,0
2024-08-02,test,0.49,0,0
2024-08-02,test,0.5728,1,0
2024-08-02,test,0.2922,0,0
2024-08-02,test,0.43,0,0
2024-08-02,test,0.4102,0,0
2024-08-02,test,0.4707,0,0
2024-08-02,test,0.4214,0,0
2024-08-02,test,0.5166,1,0
2024-08-02,test,0.5903,1,0
2024-08-02,test,0.4487,0,0
2024-08-01,test,0.5464,1,0
2024-08-01,test,0.4453,0,0
2024-08-01,test,0.6714,1,0
2024-08-01,test,0.3047,0,0
2024-07-31,test,0.68,1,1
2024-07-31,test,0.537,1,1
2024-07-31,test,0.4229,0,1
2024-07-31,test,0.5747,1,1
2024-07-30,test,0.4385,0,0
2024-07-30,test,0.7305,1,0
2024-07-30,test,0.4639,0,0
2024-07-30,test,0.369,0,0
2024-07-30,test,0.4817,0,0
2024-07-30,test,0.648,1,0
2024-07-30,test,0.5713,1,0
2024-07-30,test,0.474,0,0
2024-07-30,test,0.6343,1,0
2024-07-29,test,0.7104,1,1
2024-07-29,test,0.4502,0,1
2024-07-29,test,0.6147,1,1
2024-07-29,test,0.4546,0,1
2024-07-29,test,0.3782,0,1
2024-07-29,test,0.498,0,1
2024-07-29,test,0.5273,1,1
2024-07-29,test,0.581,1,1
2024-07-29,test,0.4956,0,1
2024-07-26,test,0.521,1,0
2024-07-26,test,0.565,1,0
2024-07-26,test,0.636,1,0
2024-07-26,test,0.458,0,0
2024-07-26,test,0.4136,0,0
2024-07-26,test,0.5225,1,0
2024-07-26,test,0.297,0,0
2024-07-25,test,0.5312,1,1
2024-07-25,test,0.4531,0,1
2024-07-25,test,0.554,1,1
2024-07-25,test,0.609,1,1
2024-07-25,test,0.4302,0,1
2024-07-25,test,0.474,0,1
2024-07-25,test,0.5303,1,1
2024-07-25,test,0.5723,1,1
2024-07-25,test,0.59,1,1
2024-07-25,test,0.584,1,1
2024-07-25,test,0.4316,0,1
2024-07-25,test,0.4822,0,1
2024-07-25,test,0.4495,0,1
2024-07-25,test,0.5903,1,1
2024-07-25,test,0.575,1,1
2024-07-25,test,0.515,1,1
2024-07-24,test,0.6206,1,0
2024-07-24,test,0.582,1,0
2024-07-24,test,0.3882,0,0
2024-07-24,test,0.5557,1,0
2024-07-24,test,0.5244,1,0
2024-07-24,test,0.4724,0,0
2024-07-24,test,0.6304,1,0
2024-07-24,test,0.3733,0,0
2024-07-23,test,0.5117,1,0
2024-07-23,test,0.431,0,0
2024-07-23,test,0.652,1,0
2024-07-23,test,0.5264,1,0
2024-07-23,test,0.2683,0,0
2024-07-23,test,0.6885,1,0
2024-07-23,test,0.2605,0,0
2024-07-23,test,0.3838,0,0
2024-07-23,test,0.3975,0,0
2024-07-22,test,0.5825,1,1
2024-07-22,test,0.575,1,1
2024-07-22,test,0.561,1,1
2024-07-22,test,0.499,0,1
2024-07-22,test,0.4697,0,1
2024-07-22,test,0.405,0,1
2024-07-22,test,0.4126,0,1
2024-07-22,test,0.4587,0,1
2024-07-22,test,0.617,1,1
2024-07-22,test,0.4617,0,1
2024-07-22,test,0.3926,0,1
2024-07-22,test,0.6475,1,1
2024-07-22,test,0.4211,0,1
2024-07-22,test,0.5425,1,1
2024-07-19,test,0.4736,0,0
2024-07-19,test,0.467,0,0
2024-07-19,test,0.4436,0,0
2024-07-19,test,0.5654,1,0
2024-07-19,test,0.2874,0,0
2024-07-18,test,0.3782,0,1
2024-07-18,test,0.4275,0,1
2024-07-18,test,0.369,0,1
2024-07-18,test,0.492,0,1
2024-07-18,test,0.5425,1,1
2024-07-18,test,0.601,1,1
2024-07-18,test,0.5806,1,1
2024-07-18,test,0.4443,0,1
2024-07-17,test,0.558,1,0
2024-07-17,test,0.5723,1,0
2024-07-17,test,0.5474,1,0
2024-07-17,test,0.4524,0,0
2024-07-17,test,0.4624,0,0
2024-07-17,test,0.336,0,0
2024-07-17,test,0.5337,1,0
2024-07-17,test,0.4707,0,0
2024-07-17,test,0.367,0,0
2024-07-17,test,0.571,1,0
2024-07-16,test,0.665,1,1
2024-07-16,test,0.4292,0,1
2024-07-16,test,0.4646,0,1
2024-07-16,test,0.711,1,1
2024-07-16,test,0.4849,0,1
2024-07-16,test,0.3994,0,1
2024-07-16,test,0.4844,0,1
2024-07-16,test,0.5347,1,1
2024-07-16,test,0.555,1,1
2024-07-16,test,0.58,1,1
2024-07-16,test,0.509,1,1
2024-07-16,test,0.6987,1,1
2024-07-15,test,0.4507,0,1
2024-07-15,test,0.391,0,1
2024-07-15,test,0.4587,0,1
2024-07-15,test,0.6562,1,1
2024-07-15,test,0.585,1,1
2024-07-15,test,0.583,1,1
2024-07-15,test,0.5938,1,1
2024-07-12,test,0.583,1,1
2024-07-12,test,0.5884,1,1
2024-07-12,test,0.5903,1,1
2024-07-12,test,0.51,1,1
2024-07-12,test,0.339,0,1
2024-07-12,test,0.6455,1,1
2024-07-12,test,0.352,0,1
2024-07-12,test,0.6284,1,1
2024-07-12,test,0.544,1,1
2024-07-11,test,0.479,0,0
2024-07-11,test,0.4048,0,0
2024-07-11,test,0.3625,0,0
2024-07-11,test,0.4941,0,0
2024-07-11,test,0.5205,1,0
2024-07-11,test,0.648,1,0
2024-07-11,test,0.468,0,0
2024-07-11,test,0.4482,0,0
2024-07-11,test,0.4236,0,0
2024-07-11,test,0.3123,0,0
2024-07-11,test,0.5215,1,0
2024-07-10,test,0.549,1,1
2024-07-10,test,0.5796,1,1
2024-07-10,test,0.527,1,1
2024-07-10,test,0.2335,0,1
2024-07-10,test,0.6616,1,1
2024-07-10,test,0.4414,0,1
2024-07-09,test,0.4329,0,1
2024-07-09,test,0.529,1,1
2024-07-09,test,0.379,0,1
2024-07-09,test,0.5063,1,1
2024-07-08,test,0.5747,1,1
2024-07-08,test,0.3877,0,1
2024-07-08,test,0.5903,1,1
2024-07-08,test,0.4915,0,1
2024-07-08,test,0.4604,0,1
2024-07-08,test,0.5146,1,1
2024-07-08,test,0.586,1,1
2024-07-08,test,0.579,1,1
2024-07-08,test,0.657,1,1
2024-07-08,test,0.345,0,1
2024-07-08,test,0.3447,0,1
2024-07-08,test,0.5337,1,1
2024-07-08,test,0.4392,0,1
2024-07-08,test,0.4976,0,1
2024-07-08,test,0.5576,1,1
2024-07-08,test,0.355,0,1
2024-07-08,test,0.4072,0,1
2024-07-05,test,0.4253,0,1
2024-07-05,test,0.4136,0,1
2024-07-05,test,0.525,1,1
2024-07-05,test,0.513,1,1
2024-07-05,test,0.514,1,1
2024-07-05,test,0.6426,1,1
2024-07-05,test,0.4785,0,1
2024-07-05,test,0.2542,0,1
2024-07-05,test,0.3296,0,1
2024-07-05,test,0.3667,0,1
2024-07-05,test,0.7573,1,1
2024-07-05,test,0.4392,0,1
2024-07-03,test,0.4514,0,1
2024-07-03,test,0.4316,0,1
2024-07-03,test,0.4922,0,1
2024-07-03,test,0.474,0,1
2024-07-03,test,0.5776,1,1
2024-07-03,test,0.5117,1,1
2024-07-03,test,0.5654,1,1
2024-07-03,test,0.4802,0,1
2024-07-02,test,0.5146,1,1
2024-07-02,test,0.509,1,1
2024-07-02,test,0.4885,0,1
2024-07-02,test,0.501,1,1
2024-07-02,test,0.3003,0,1
2024-07-01,test,0.2922,0,1
2024-07-01,test,0.3213,0,1
2024-07-01,test,0.577,1,1
2024-07-01,test,0.5107,1,1
2024-07-01,test,0.436,0,1
2024-07-01,test,0.3545,0,1
2024-07-01,test,0.3655,0,1
2024-07-01,test,0.4526,0,1
2024-07-01,test,0.6353,1,1
2024-07-01,test,0.4353,0,1
2024-07-01,test,0.6465,1,1
2024-07-01,test,0.2898,0,1
2024-06-28,test,0.403,0,1
2024-06-28,test,0.565,1,1
2024-06-28,test,0.6724,1,1
2024-06-28,test,0.448,0,1
2024-06-28,test,0.3962,0,1
2024-06-28,test,0.593,1,1
2024-06-28,test,0.5522,1,1
2024-06-27,test,0.603,1,1
2024-06-27,test,0.4775,0,1
2024-06-27,test,0.681,1,1
2024-06-27,test,0.5215,1,1
2024-06-27,test,0.5664,1,1
2024-06-27,test,0.3662,0,1
2024-06-26,test,0.3167,0,1
2024-06-26,test,0.4128,0,1
2024-06-26,test,0.2795,0,1
2024-06-26,test,0.3953,0,1
2024-06-26,test,0.4456,0,1
2024-06-26,test,0.4707,0,1
2024-06-26,test,0.4692,0,1
2024-06-26,test,0.3535,0,1
2024-06-26,test,0.2996,0,1
2024-06-26,test,0.4436,0,1
2024-06-26,test,0.4922,0,1
2024-06-26,test,0.7236,1,1
2024-06-25,test,0.6445,1,1
2024-06-25,test,0.58,1,1
2024-06-25,test,0.803,1,1
2024-06-25,test,0.5825,1,1
2024-06-25,test,0.5117,1,1
2024-06-25,test,0.502,1,1
2024-06-25,test,0.4597,0,1
2024-06-25,test,0.4338,0,1
2024-06-25,test,0.674,1,1
2024-06-25,test,0.5015,1,1
2024-06-25,test,0.495,0,1
2024-06-24,test,0.631,1,0
2024-06-24,test,0.3672,0,0
2024-06-24,test,0.5576,1,0
2024-06-24,test,0.608,1,0
2024-06-24,test,0.575,1,0
2024-06-24,test,0.4895,0,0
2024-06-24,test,0.436,0,0
2024-06-24,test,0.558,1,0
2024-06-24,test,0.2732,0,0
2024-06-24,test,0.4177,0,0
2024-06-21,test,0.4539,0,1
2024-06-21,test,0.4475,0,1
2024-06-21,test,0.5234,1,1
2024-06-21,test,0.4092,0,1
2024-06-21,test,0.3032,0,1
2024-06-20,test,0.4531,0,0
2024-06-20,test,0.499,0,0
2024-06-20,test,0.521,1,0
2024-06-20,test,0.3281,0,0
2024-06-20,test,0.549,1,0
2024-06-20,test,0.518,1,0
2024-06-20,test,0.479,0,0
2024-06-20,test,0.2898,0,0
2024-06-20,test,0.613,1,0
2024-06-20,test,0.4675,0,0
2024-06-20,test,0.6934,1,0
2024-06-20,test,0.4697,0,0
2024-06-20,test,0.5107,1,0
2024-06-18,test,0.521,1,0
2024-06-18,test,0.573,1,0
2024-06-18,test,0.6265,1,0
2024-06-18,test,0.388,0,0
2024-06-18,test,0.4155,0,0
2024-06-18,test,0.564,1,0
2024-06-18,test,0.6475,1,0
2024-06-18,test,0.3127,0,0
2024-06-18,test,0.3787,0,0
2024-06-18,test,0.546,1,0
2024-06-17,test,0.627,1,1
2024-06-17,test,0.5312,1,1
2024-06-17,test,0.502,1,1
2024-06-17,test,0.471,0,1
2024-06-17,test,0.4421,0,1
2024-06-17,test,0.5283,1,1
2024-06-17,test,0.4014,0,1
2024-06-17,test,0.5347,1,1
2024-06-17,test,0.4731,0,1
2024-06-17,test,0.463,0,1
2024-06-17,test,0.522,1,1
2024-06-17,test,0.3413,0,1
2024-06-17,test,0.636,1,1
2024-06-17,test,0.53,1,1
2024-06-17,test,0.512,1,1
2024-06-17,test,0.539,1,1
2024-06-14,test,0.626,1,0
2024-06-14,test,0.5664,1,0
2024-06-14,test,0.3547,0,0
2024-06-14,test,0.4736,0,0
2024-06-14,test,0.4849,0,0
2024-06-14,test,0.615,1,0
2024-06-14,test,0.4688,0,0
2024-06-14,test,0.3652,0,0
2024-06-14,test,0.423,0,0
2024-06-14,test,0.4768,0,0
2024-06-13,test,0.607,1,1
2024-06-13,test,0.513,1,1
2024-06-13,test,0.3103,0,1
2024-06-13,test,0.5933,1,1
2024-06-13,test,0.6196,1,1
2024-06-13,test,0.468,0,1
2024-06-13,test,0.6357,1,1
2024-06-13,test,0.551,1,1
2024-06-13,test,0.3782,0,1
2024-06-13,test,0.5454,1,1
2024-06-13,test,0.4124,0,1
2024-06-13,test,0.465,0,1
2024-06-13,test,0.747,1,1
2024-06-13,test,0.5347,1,1
2024-06-12,test,0.4148,0,1
2024-06-12,test,0.44,0,1
2024-06-12,test,0.2395,0,1
2024-06-12,test,0.4429,0,1
2024-06-12,test,0.6025,1,1
2024-06-12,test,0.4663,0,1
2024-06-11,test,0.4795,0,0
2024-06-11,test,0.556,1,0
2024-06-11,test,0.3643,0,0
2024-06-11,test,0.428,0,0
2024-06-11,test,0.59,1,0
2024-06-11,test,0.4817,0,0
2024-06-11,test,0.68,1,0
2024-06-11,test,0.599,1,0
2024-06-11,test,0.6475,1,0
2024-06-11,test,0.5454,1,0
2024-06-11,test,0.4082,0,0
2024-06-11,test,0.4148,0,0
2024-06-10,test,0.4294,0,0
2024-06-10,test,0.4731,0,0
2024-06-10,test,0.5146,1,0
2024-06-10,test,0.496,0,0
2024-06-10,test,0.6606,1,0
2024-06-10,test,0.5483,1,0
2024-06-10,test,0.6816,1,0
2024-06-10,test,0.4556,0,0
2024-06-10,test,0.587,1,0
2024-06-10,test,0.567,1,0
2024-06-07,test,0.549,1,0
2024-06-07,test,0.4575,0,0
2024-06-07,test,0.4885,0,0
2024-06-07,test,0.6196,1,0
2024-06-07,test,0.51,1,0
2024-06-07,test,0.3235,0,0
2024-06-06,test,0.4436,0,1
2024-06-06,test,0.6045,1,1
2024-06-06,test,0.557,1,1
2024-06-06,test,0.6787,1,1
2024-06-06,test,0.407,0,1
2024-06-06,test,0.2319,0,1
2024-06-05,test,0.6943,1,1
2024-06-05,test,0.407,0,1
2024-06-05,test,0.4197,0,1
2024-06-05,test,0.461,0,1
2024-06-05,test,0.5625,1,1
2024-06-05,test,0.471,0,1
2024-06-05,test,0.4775,0,1
2024-06-05,test,0.537,1,1
2024-06-04,test,0.407,0,0
2024-06-04,test,0.3833,0,0
2024-06-04,test,0.568,1,0
2024-06-04,test,0.417,0,0
2024-06-04,test,0.5527,1,0
2024-06-03,test,0.5967,1,0
2024-06-03,test,0.544,1,0
2024-06-03,test,0.5166,1,0
2024-06-03,test,0.318,0,0
2024-06-03,test,0.554,1,0
2024-06-03,test,0.484,0,0
2024-06-03,test,0.34,0,0
2024-06-03,test,0.4639,0,0
2024-06-03,test,0.491,0,0
2024-06-03,test,0.566,1,0
2024-06-03,test,0.3972,0,0
2024-06-03,test,0.6104,1,0
2024-06-03,test,0.7017,1,0
2024-06-03,test,0.2139,0,0
2024-06-03,test,0.5493,1,0
2024-06-03,test,0.6406,1,0
2024-06-03,test,0.483,0,0
2024-05-31,test,0.2847,0,0
2024-05-31,test,0.38,0,0
2024-05-31,test,0.516,1,0
2024-05-31,test,0.525,1,0
2024-05-31,test,0.682,1,0
2024-05-31,test,0.6685,1,0
2024-05-31,test,0.5767,1,0
2024-05-31,test,0.6626,1,0
2024-05-31,test,0.4622,0,0
2024-05-30,test,0.557,1,1
2024-05-30,test,0.499,0,1
2024-05-30,test,0.55,1,1
2024-05-30,test,0.515,1,1
2024-05-30,test,0.4827,0,1
2024-05-29,test,0.4216,0,0
2024-05-29,test,0.68,1,0
2024-05-29,test,0.4026,0,0
2024-05-29,test,0.4688,0,0
2024-05-29,test,0.4995,0,0
2024-05-28,test,0.4443,0,0
2024-05-28,test,0.5576,1,0
2024-05-28,test,0.495,0,0
2024-05-28,test,0.5166,1,0
2024-05-28,test,0.4639,0,0
2024-05-28,test,0.7056,1,0
2024-05-28,test,0.596,1,0
2024-05-28,test,0.54,1,0
2024-05-28,test,0.4827,0,0
2024-05-28,test,0.5024,1,0
2024-05-28,test,0.4885,0,0
2024-05-28,test,0.4512,0,0
2024-05-28,test,0.3958,0,0
2024-05-28,test,0.567,1,0
2024-05-28,test,0.4468,0,0
2024-05-28,test,0.523,1,0
2024-05-28,test,0.436,0,0
2024-05-28,test,0.3748,0,0
2024-05-28,test,0.5337,1,0
2024-05-28,test,0.3699,0,0
2024-05-24,test,0.419,0,1
2024-05-24,test,0.643,1,1
2024-05-24,test,0.4287,0,1
2024-05-24,test,0.5625,1,1
2024-05-24,test,0.409,0,1
2024-05-24,test,0.2443,0,1
2024-05-24,test,0.698,1,1
2024-05-23,test,0.3833,0,0
2024-05-23,test,0.623,1,0
2024-05-23,test,0.519,1,0
2024-05-23,test,0.6616,1,0
2024-05-23,test,0.6777,1,0
2024-05-23,test,0.503,1,0
2024-05-23,test,0.6025,1,0
2024-05-23,test,0.4863,0,0
2024-05-22,test,0.5044,1,0
2024-05-22,test,0.6724,1,0
2024-05-22,test,0.5728,1,0
2024-05-22,test,0.4216,0,0
2024-05-22,test,0.5093,1,0
2024-05-21,test,0.4197,0,1
2024-05-21,test,0.3591,0,1
2024-05-21,test,0.3435,0,1
2024-05-21,test,0.3867,0,1
2024-05-21,test,0.4875,0,1
2024-05-21,test,0.5703,1,1
2024-05-21,test,0.433,0,1
2024-05-20,test,0.3762,0,0
2024-05-20,test,0.5054,1,0
2024-05-20,test,0.5845,1,0
2024-05-20,test,0.4414,0,0
2024-05-20,test,0.3699,0,0
2024-05-20,test,0.4656,0,0
2024-05-20,test,0.2947,0,0
2024-05-20,test,0.465,0,0
2024-05-20,test,0.554,1,0
2024-05-20,test,0.4546,0,0
2024-05-20,test,0.6094,1,0
2024-05-20,test,0.4885,0,0
2024-05-20,test,0.35,0,0
2024-05-20,test,0.4612,0,0
2024-05-20,test,0.2429,0,0
2024-05-20,test,0.725,1,0
2024-05-17,test,0.4082,0,1
2024-05-17,test,0.4639,0,1
2024-05-17,test,0.5166,1,1
2024-05-17,test,0.4866,0,1
2024-05-17,test,0.6025,1,1
2024-05-17,test,0.5913,1,1
2024-05-16,test,0.195,0,1
2024-05-16,test,0.4006,0,1
2024-05-16,test,0.4932,0,1
2024-05-16,test,0.525,1,1
2024-05-16,test,0.588,1,1
2024-05-16,test,0.446,0,1
2024-05-16,test,0.5786,1,1
2024-05-16,test,0.3325,0,1
2024-05-16,test,0.479,0,1
2024-05-16,test,0.6416,1,1
2024-05-16,test,0.6177,1,1
2024-05-16,test,0.428,0,1
2024-05-15,test,0.5024,1,0
2024-05-15,test,0.534,1,0
2024-05-15,test,0.599,1,0
2024-05-15,test,0.46,0,0
2024-05-15,test,0.4482,0,0
2024-05-15,test,0.5938,1,0
2024-05-15,test,0.58,1,0
2024-05-14,test,0.5527,1,1
2024-05-14,test,0.3684,0,1
2024-05-14,test,0.592,1,1
2024-05-14,test,0.5557,1,1
2024-05-14,test,0.4656,0,1
2024-05-14,test,0.497,0,1
2024-05-14,test,0.4697,0,1
2024-05-14,test,0.2812,0,1
2024-05-14,test,0.4136,0,1
2024-05-14,test,0.712,1,1
2024-05-13,test,0.5176,1,1
2024-05-13,test,0.4246,0,1
2024-05-13,test,0.6343,1,1
2024-05-13,test,0.426,0,1
2024-05-13,test,0.3057,0,1
2024-05-13,test,0.524,1,1
2024-05-13,test,0.677,1,1
2024-05-13,test,0.522,1,1
2024-05-13,test,0.3655,0,1
2024-05-13,test,0.4937,0,1
2024-05-13,test,0.515,1,1
2024-05-10,test,0.4622,0,0
2024-05-10,test,0.552,1,0
2024-05-10,test,0.6123,1,0
2024-05-10,test,0.4812,0,0
2024-05-10,test,0.42,0,0
2024-05-10,test,0.5273,1,0
2024-05-10,test,0.573,1,0
2024-05-10,test,0.4475,0,0
2024-05-10,test,0.4426,0,0
2024-05-10,test,0.497,0,0
2024-05-10,test,0.6064,1,0
2024-05-10,test,0.53,1,0
2024-05-10,test,0.5425,1,0
2024-05-09,test,0.532,1,0
2024-05-09,test,0.727,1,0
2024-05-09,test,0.6353,1,0
2024-05-09,test,0.6084,1,0
2024-05-09,test,0.446,0,0
2024-05-09,test,0.5605,1,0
2024-05-09,test,0.6523,1,0
2024-05-09,test,0.7407,1,0
2024-05-09,test,0.2395,0,0
2024-05-09,test,0.679,1,0
2024-05-08,test,0.596,1,0
2024-05-08,test,0.4556,0,0
2024-05-08,test,0.3132,0,0
2024-05-08,test,0.4456,0,0
2024-05-08,test,0.4802,0,0
2024-05-08,test,0.5493,1,0
2024-05-08,test,0.652,1,0
2024-05-08,test,0.4338,0,0
2024-05-07,test,0.33,0,0
2024-05-07,test,0.2908,0,0
2024-05-07,test,0.5327,1,0
2024-05-07,test,0.525,1,0
2024-05-07,test,0.4338,0,0
2024-05-06,test,0.5693,1,1
2024-05-06,test,0.4941,0,1
2024-05-06,test,0.457,0,1
2024-05-06,test,0.4346,0,1
2024-05-06,test,0.6562,1,1
2024-05-06,test,0.3948,0,1
2024-05-06,test,0.5156,1,1
2024-05-06,test,0.3296,0,1
2024-05-06,test,0.488,0,1
2024-05-06,test,0.565,1,1
2024-05-06,test,0.5254,1,1
2024-05-06,test,0.4915,0,1
2024-05-06,test,0.7686,1,1
2024-05-03,test,0.532,1,1
2024-05-03,test,0.585,1,1
2024-05-03,test,0.5347,1,1
2024-05-03,test,0.4148,0,1
2024-05-03,test,0.559,1,1
2024-05-03,test,0.3518,0,1
2024-05-03,test,0.651,1,1
2024-05-03,test,0.618,1,1
2024-05-03,test,0.555,1,1
2024-05-02,test,0.3835,0,1
2024-05-02,test,0.3394,0,1
2024-05-02,test,0.4858,0,1
2024-05-02,test,0.4714,0,1
2024-05-02,test,0.496,0,1
2024-05-02,test,0.5684,1,1
2024-05-02,test,0.5156,1,1
2024-05-02,test,0.4941,0,1
2024-05-02,test,0.431,0,1
2024-05-02,test,0.596,1,1
2024-05-01,test,0.4058,0,0
2024-05-01,test,0.684,1,0
2024-05-01,test,0.5215,1,0
2024-05-01,test,0.394,0,0
2024-05-01,test,0.56,1,0
2024-05-01,test,0.69,1,0
2024-05-01,test,0.5156,1,0
2024-05-01,test,0.41,0,0
2024-05-01,test,0.5015,1,0
2024-05-01,test,0.4026,0,0
2024-05-01,test,0.5205,1,0
2024-05-01,test,0.6597,1,0
2024-05-01,test,0.5005,1,0
2024-04-30,test,0.547,1,0
2024-04-30,test,0.5054,1,0
2024-04-30,test,0.612,1,0
2024-04-30,test,0.463,0,0
2024-04-30,test,0.3804,0,0
2024-04-30,test,0.4531,0,0
2024-04-29,test,0.513,1,1
2024-04-29,test,0.1862,0,1
2024-04-29,test,0.3555,0,1
2024-04-29,test,0.4604,0,1
2024-04-29,test,0.5366,1,1
2024-04-29,test,0.4758,0,1
2024-04-29,test,0.6475,1,1
2024-04-29,test,0.603,1,1
2024-04-29,test,0.4724,0,1
2024-04-29,test,0.427,0,1
2024-04-29,test,0.5015,1,1
2024-04-29,test,0.4346,0,1
2024-04-29,test,0.4316,0,1
2024-04-29,test,0.4875,0,1
2024-04-26,test,0.4758,0,0
2024-04-26,test,0.495,0,0
2024-04-26,test,0.4731,0,0
2024-04-26,test,0.5967,1,0
2024-04-26,test,0.636,1,0
2024-04-26,test,0.5425,1,0
2024-04-26,test,0.6865,1,0
2024-04-26,test,0.3755,0,0
2024-04-25,test,0.6265,1,1
2024-04-25,test,0.4556,0,1
2024-04-25,test,0.5063,1,1
2024-04-25,test,0.5435,1,1
2024-04-25,test,0.4714,0,1
2024-04-25,test,0.496,0,1
2024-04-25,test,0.5947,1,1
2024-04-25,test,0.4102,0,1
2024-04-25,test,0.5386,1,1
2024-04-25,test,0.5317,1,1
2024-04-25,test,0.587,1,1
2024-04-25,test,0.4045,0,1
2024-04-25,test,0.525,1,1
2024-04-25,test,0.518,1,1
2024-04-24,test,0.4453,0,1
2024-04-24,test,0.4922,0,1
2024-04-24,test,0.6167,1,1
2024-04-24,test,0.4211,0,1
2024-04-24,test,0.4238,0,1
2024-04-23,test,0.3662,0,1
2024-04-23,test,0.4492,0,1
2024-04-23,test,0.5015,1,1
2024-04-23,test,0.5454,1,1
2024-04-23,test,0.547,1,1
2024-04-23,test,0.4307,0,1
2024-04-23,test,0.547,1,1
2024-04-22,test,0.608,1,0
2024-04-22,test,0.411,0,0
2024-04-22,test,0.4507,0,0
2024-04-22,test,0.3438,0,0
2024-04-22,test,0.6797,1,0
2024-04-19,test,0.467,0,0
2024-04-19,test,0.521,1,0
2024-04-19,test,0.487,0,0
2024-04-19,test,0.709,1,0
2024-04-19,test,0.654,1,0
2024-04-19,test,0.6274,1,0
2024-04-19,test,0.6274,1,0
2024-04-18,test,0.3748,0,0
2024-04-18,test,0.4392,0,0
2024-04-18,test,0.383,0,0
2024-04-18,test,0.2935,0,0
2024-04-18,test,0.4224,0,0
2024-04-17,test,0.474,0,0
2024-04-17,test,0.5093,1,0
2024-04-17,test,0.5605,1,0
2024-04-17,test,0.795,1,0
2024-04-17,test,0.4812,0,0
2024-04-17,test,0.436,0,0
2024-04-16,test,0.593,1,0
2024-04-16,test,0.678,1,0
2024-04-16,test,0.6304,1,0
2024-04-16,test,0.3171,0,0
2024-04-16,test,0.4387,0,0
2024-04-16,test,0.4546,0,0
2024-04-16,test,0.6177,1,0
2024-04-15,test,0.2344,0,0
2024-04-15,test,0.4546,0,0
2024-04-15,test,0.397,0,0
2024-04-15,test,0.4932,0,0
2024-04-15,test,0.3003,0,0
2024-04-15,test,0.4763,0,0
2024-04-15,test,0.5986,1,0
2024-04-15,test,0.4111,0,0
2024-04-15,test,0.426,0,0
2024-04-15,test,0.502,1,0
2024-04-15,test,0.4253,0,0
2024-04-15,test,0.1957,0,0
2024-04-15,test,0.52,1,0
2024-04-15,test,0.431,0,0
2024-04-15,test,0.438,0,0
2024-04-15,test,0.4749,0,0
